"shareself","shareblue","sharewhite","sharedomestic","shareunemployed","nvoter","nazivote"
0.1452451,0.4667877,0.0751894,0.2372128,0.075565,20724,8915
0.1776995,0.37847,0.0886076,0.2710842,0.0841387,61024,20388
0.2100499,0.2878295,0.061648,0.3718949,0.0685777,31741,9670
0.149859,0.4592575,0.0911449,0.2109423,0.0887963,67591,26634
0.1146592,0.2782162,0.2976835,0.0748931,0.234548,226176,100041
0.2145603,0.3040565,0.0573774,0.3549705,0.0690353,30835,15255
0.184266,0.3878074,0.0623398,0.2956744,0.0699124,32939,15791
0.1596905,0.4434049,0.0756757,0.2382536,0.0829753,57187,25943
0.1704057,0.4367858,0.0648391,0.2766537,0.0513157,23404,13104
0.1285784,0.4601309,0.1309826,0.1813811,0.098927,30513,14507
0.1542178,0.4132032,0.105162,0.2394123,0.0880047,27742,12908
0.1812074,0.3717381,0.0688057,0.2864732,0.0917756,24094,11914
0.2215256,0.2831101,0.0640032,0.3585345,0.0728266,26651,14212
0.1721933,0.4097764,0.0852793,0.2737719,0.0589791,77067,37265
0.1246292,0.2478628,0.3430067,0.0846176,0.1998837,27618,12047
0.2190335,0.2944825,0.0574431,0.3799759,0.049065,23822,14905
0.2219648,0.304297,0.0657852,0.3543413,0.0536117,60257,33669
0.1867177,0.3108632,0.1243952,0.248656,0.1293679,75824,37760
0.2175747,0.2248127,0.040918,0.4366771,0.0800175,32778,12242
0.1314104,0.299066,0.3009458,0.0946954,0.1738824,26276,9897
0.2022556,0.2773802,0.0453745,0.4083705,0.0666192,30880,20064
0.1841008,0.3383018,0.1241239,0.2989974,0.0544761,27263,16699
0.2084993,0.2840862,0.0820404,0.3579912,0.0673829,34392,24055
0.1987329,0.293051,0.0604749,0.3880389,0.0597023,22402,15859
0.2278379,0.210789,0.0686571,0.4157796,0.0769364,41443,26633
0.170679,0.3459844,0.1009779,0.3075879,0.0747708,45140,23667
0.1986311,0.2994225,0.071016,0.3392513,0.0916791,30589,9951
0.1936613,0.3196492,0.0642523,0.3458771,0.0765601,31380,18794
0.1964737,0.3742747,0.0330308,0.3238357,0.0723851,15984,7348
0.1045354,0.3177672,0.1905067,0.0688474,0.3183433,51441,20623
0.1294097,0.3758819,0.2074318,0.1588664,0.1284102,26777,12866
0.177727,0.3267086,0.1295535,0.2534074,0.1126035,26883,13982
0.1711958,0.340372,0.1214526,0.280992,0.0859876,35805,20009
0.1564901,0.4271273,0.0668939,0.2453353,0.1041534,22064,7215
0.135855,0.2684832,0.1679751,0.0600165,0.3676702,217223,64730
0.0955362,0.3239763,0.1860494,0.0401612,0.3542769,436417,116065
0.1390276,0.2609557,0.2400202,0.0674913,0.2925052,482382,144590
0.1048016,0.3102945,0.2051328,0.0452016,0.3345695,310835,85388
0.1299637,0.2791759,0.2421321,0.07638,0.2723483,224209,64143
0.1560671,0.2219352,0.2794591,0.100528,0.2420106,282617,93032
0.1150076,0.2966805,0.2472185,0.0665281,0.2745653,68885,23690
0.0812554,0.3506291,0.2618101,0.0441378,0.2621676,110164,40750
0.1391506,0.1914499,0.4029087,0.0992273,0.1672635,152720,63413
0.0972057,0.3010733,0.2606631,0.0434994,0.2975585,341716,97601
0.2048509,0.1455957,0.3335032,0.1520958,0.1639544,165226,53505
0.1628171,0.1770285,0.362502,0.1972585,0.1003939,50393,17578
0.1006503,0.2740383,0.2990902,0.0509739,0.2752473,107355,36939
0.085246,0.3092017,0.1953573,0.0372056,0.3729894,394885,100652
0.0861352000000002,0.3049828,0.2891063,0.040924,0.2788517,98065,30263
0.1611352,0.4122514,0.0853601,0.2325393,0.108714,44262,22484
0.1217196,0.31113,0.2431306,0.0762581,0.2477617,22520,10011
0.1685787,0.344462,0.1112867,0.2272904,0.1483822,55783,23946
0.1486892,0.3634627,0.13705,0.1202144,0.2305837,133250,50241
0.1487005,0.4191953,0.1067834,0.1701659,0.1551549,59534,25536
0.1320038,0.4218344,0.1320884,0.1388711,0.1752023,147400,59041
0.1986414,0.3904637,0.0729197,0.2856695,0.0523057,48447,28505
0.1379008,0.3333696,0.2212294,0.1379551,0.1695451,159932,60740
0.1324204,0.501682,0.0957899,0.172313,0.0977947,39840,20033
0.1247063,0.3941918,0.2248559,0.0735284,0.1827176,20869,6936
0.1845384,0.3712448,0.1039428,0.2525551,0.0877189,55076,28506
0.1684153,0.438291,0.0765819,0.2213449,0.0953669,37861,16864
0.2107599,0.3517494,0.0784064,0.2966786,0.0624057,42797,23359
0.146821,0.2543183,0.2933664,0.0789232,0.2265711,18503,7843
0.2152483,0.3114193,0.0642091,0.3319548,0.0771685,69094,34521
0.164536,0.418831,0.0746871,0.2464002,0.0955457,29627,15920
0.1392687,0.4155864,0.1080996,0.1931613,0.143884,72754,29872
0.212223,0.3087181,0.0497445,0.3369016,0.0924128,39172,21291
0.1604485,0.3139821,0.2540532,0.0817283,0.1897879,39907,17113
0.2177108,0.2557263,0.071335,0.3375395,0.1176884,40141,22540
0.126124,0.5087331,0.1368109,0.0843651,0.1439669,28475,10764
0.1225311,0.3027849,0.2773938,0.0808872,0.216403,55582,28205
0.2098516,0.29997,0.0682261,0.2970835,0.1248688,36828,21003
0.2134962,0.3104661,0.0495092,0.3337713,0.0927572,31362,17586
0.1231418,0.4483531,0.1614865,0.0836993,0.1833193,32126,12894
0.1702594,0.3789565,0.1136166,0.2165998,0.1205677,66636,32142
0.2322607,0.301386,0.0424083,0.3372965,0.0866485,37705,21246
0.1386486,0.320112,0.2309308,0.0865803,0.2237283,31747,15055
0.1644361,0.4016619,0.0937759,0.2230644,0.1170617,111611,49508
0.2490087,0.2172329,0.0871289,0.3903119,0.0563176,22447,13750
0.195855,0.3199313,0.0780733,0.2820641,0.1240763,52158,25006
0.2170379,0.3479219,0.0555224,0.3040643,0.0754535,28281,16042
0.1790205,0.3946857,0.0655562,0.2658338,0.0949038,33158,18636
0.1695706,0.3965236,0.0900524,0.223267,0.1205864,61282,29474
0.1206598,0.4445358,0.1007401,0.1448282,0.1892361,29487,11202
0.174247,0.3753344,0.0582118,0.2887719,0.1034349,30709,15869
0.1960737,0.3414956,0.0946801,0.2854488,0.0823018,41378,22936
0.1703032,0.3578163,0.0850019,0.2893059,0.0975727,43288,18794
0.206903,0.2754616,0.0600595,0.3841069,0.073469,25511,13496
0.2041188,0.3060771,0.0868161,0.2955784,0.1074096,12841,6324
0.1823555,0.3409394,0.1132016,0.2667006,0.0968029,21749,9562
0.2217519,0.2249267,0.0701813,0.3586512,0.1244889,27664,15320
0.1933732,0.3034556,0.0693665,0.333309,0.1004957,35741,16175
0.1138319,0.2532848,0.2835045,0.0901218,0.259257,28019,14422
0.18031,0.3810848,0.0764951,0.2635605,0.0985496,13668,4939
0.1885074,0.3672633,0.0730475,0.3106243,0.0605575,56799,31492
0.1609828,0.4529125,0.1036645,0.2070324,0.0754078,32236,16247
0.1512218,0.4753835,0.0792167,0.184839,0.109339,47762,21169
0.1587008,0.2746237,0.2770883,0.1086172,0.18097,21012,8349
0.1670643,0.4628232,0.067001,0.234601,0.0685105,25048,11337
0.2014629,0.3701389,0.0598214,0.3123024,0.0562744,68263,37089
0.1506491,0.4945701,0.0700988,0.2383033,0.0463787,31458,17701
0.1371029,0.4821332,0.1254142,0.1704986,0.0848511,53762,28578
0.1334082,0.3301137,0.2078142,0.1224183,0.2062456,313870,130626
0.149045,0.2687545,0.2722219,0.0923001,0.2176785,29304,13408
0.1897494,0.2771467,0.1095812,0.2347294,0.1887933,38992,17416
0.2226519,0.2889212,0.1512649,0.2327712,0.1043908,46432,22678
0.1722877,0.3893268,0.0909928,0.2697549,0.0776378,48870,27268
0.1902207,0.2566505,0.0768591,0.3723549,0.1039148,16995,8711
0.1819613,0.3700698,0.0730304,0.2858267,0.0891118,26388,15538
0.1811008,0.298152,0.1313705,0.265295,0.1240817,47676,24077
0.2008639,0.3304112,0.0509465,0.3526024,0.065176,29270,16526
0.1339976,0.2800198,0.2306869,0.0992423,0.2560534,20445,8790
0.1634718,0.3259118,0.1014097,0.299607,0.1095997,119758,58618
0.1898594,0.3280917,0.0737223,0.3352437,0.0730829,52476,30323
0.2092198,0.3073678,0.0574939,0.3550301,0.0708884,73992,39021
0.1612716,0.454339,0.0692373,0.2182644,0.0968877,27908,12133
0.1845374,0.4446731,0.1055479,0.1950541,0.0701875,33112,15641
0.1419179,0.4409839,0.0825659,0.197344,0.1371883,96153,44324
0.1162998,0.24659,0.2362706,0.0773532,0.3234864,479621,201309
0.1841952,0.3348517,0.0567647,0.2764755,0.1477129,56725,30861
0.1197433,0.2693847,0.2375236,0.0829747,0.2903737,19224,8800
0.1891595,0.3225053,0.0953314,0.251792,0.1412118,47659,19314
0.1670067,0.3174096,0.1056917,0.2184062,0.1914858,79738,26594
0.2157884,0.284669,0.0579751,0.3256877,0.1158798,17446,8144
0.2120732,0.3513438,0.0601798,0.3039266,0.0724766,25102,15647
0.2345038,0.2674547,0.068238,0.3271028,0.1027007,34996,15912
0.225042,0.2894084,0.0671283,0.351333,0.0670883,30094,17374
0.1834528,0.3742585,0.0808206,0.2776199,0.0838482,19200,8974
0.1659076,0.4125091,0.0624413,0.2390224,0.1201196,35203,17052
0.1682987,0.3881694,0.0895908,0.2537545,0.1001866,43780,25400
0.1291544,0.4300385,0.1010882,0.1393562,0.2003627,56405,24643
0.1283006,0.3879382,0.0884166,0.1625725,0.2327721,59576,23551
0.1128455,0.2780834,0.2819217,0.0883444,0.238805,22353,9261
0.1960219,0.3528807,0.0754115,0.2969822,0.0787037,36102,20129
0.1058186,0.4451191,0.102116,0.1165744,0.2303719,88503,35930
0.0879687,0.4008034,0.2109085,0.0718995,0.2284199,32073,12758
0.208251,0.3278733,0.0857969,0.2825696,0.0955092,40237,22260
0.1789012,0.3302747,0.0875084,0.2499156,0.1534001,45603,21035
0.1914978,0.3412253,0.0862736,0.255248,0.1257553,77450,37096
0.1827729,0.3627062,0.0738973,0.2581387,0.1224849,102981,52411
0.1315769,0.2579001,0.3276876,0.0934682,0.1893672,19485,8080
0.1538824,0.3229409,0.1632447,0.1506613,0.2092707,109400,49179
0.1745221,0.3176741,0.0865258,0.2188943,0.2023837,56216,26407
0.1477217,0.2448994,0.2724106,0.1183621,0.2166062,21879,9856
0.1704044,0.3471224,0.0761303,0.2781769,0.128166,35780,15419
0.1791498,0.3779597,0.0806237,0.2178422,0.1444246,49711,26103
0.1775339,0.3812459,0.0681449,0.2431791,0.1298962,145994,76232
0.1269228,0.2923585,0.2114456,0.0899928,0.2792803,54838,25594
0.2322271,0.2933711,0.0698625,0.3242146,0.0803247,41723,22026
0.1904835,0.3177107,0.0875581,0.2652269,0.1390208,24338,14784
0.1574356,0.3704078,0.0751944,0.2427706,0.1541916,58335,23577
0.0798472,0.4122629,0.1539114,0.0683901,0.2855884,206225,79701
0.1658019,0.2746329,0.0800861,0.2969439,0.1825352,51601,18761
0.2180651,0.2828126,0.0548172,0.3492151,0.09509,24289,8750
0.2053629,0.3309256,0.0672834,0.3069807,0.0894474,24720,11067
0.1654664,0.3452564,0.108173,0.2669894,0.1141148,32520,16125
0.2130954,0.2751445,0.0693376,0.3092858,0.1331367,51680,19941
0.2000345,0.3380374,0.0622316,0.2996221,0.1000744,43002,13891
0.1321824,0.2465671,0.292761,0.1111185,0.217371,23103,6170
0.2079343,0.2666553,0.0736509,0.3073035,0.144456,60760,20444
0.1655717,0.2421706,0.0578081,0.3300437,0.2044059,86540,27750
0.1351155,0.2613026,0.1781382,0.2305517,0.194892,79426,27332
0.1356264,0.2712324,0.1257523,0.2202501,0.2471388,70435,26253
0.2104701,0.2350579,0.0516997,0.3719169,0.1308554,33066,9976
0.1174017,0.3175602,0.1550107,0.1870692,0.2229582,123324,46238
0.1237396,0.4150198,0.1875454,0.0777607,0.1959345,17792,6293
0.1352459,0.3971864,0.110104,0.144987,0.2124767,76057,28276
0.197848,0.3157179,0.0920977,0.3401018,0.0542346,42418,23071
0.1785544,0.353207,0.1031298,0.2259088,0.1392,53082,26705
0.1342347,0.2690154,0.2663753,0.0822067,0.2481679,35273,15133
0.1668498,0.4248417,0.060308,0.2464117,0.1015888,74853,33633
0.1777113,0.38255,0.0753197,0.2793279,0.0850911,47435,21035
0.1241951,0.2907276,0.2649845,0.068483,0.2516098,230808,84509
0.138158,0.4449646,0.0819836,0.1821927,0.1527011,44730,19309
0.1428305,0.4425839,0.0818661,0.1766416,0.1560779,85497,34464
0.1975879,0.4160213,0.062382,0.289639,0.0343698,29822,15725
0.1563018,0.4075214,0.079335,0.2117653,0.1450765,31545,13859
0.1291379,0.3308606,0.2295605,0.0889367,0.2215043,18635,9602
0.2300759,0.3374334,0.074283,0.3210237,0.037184,41802,24291
0.1659496,0.4434093,0.071045,0.2408349,0.0787612,36316,16735
0.132848,0.3469797,0.2684449,0.0982242,0.1535032,22686,10373
0.1191436,0.4089575,0.1274744,0.1223764,0.2220481,64617,25161
0.1256838,0.3525982,0.1566882,0.1452511,0.2197787,119763,52402
0.1629859,0.3339565,0.1034505,0.219353,0.1802541,43462,20409
0.1171112,0.4414029,0.1096399,0.1491128,0.1827332,69597,23597
0.1408326,0.4206735,0.083438,0.1749094,0.1801465,56452,23550
0.2096538,0.2833904,0.0500911,0.3609938,0.0958709,27158,16156
0.1182178,0.4275877,0.2088898,0.0823247,0.16298,16776,7347
0.119104,0.2747138,0.2767473,0.0690738,0.2603611,158092,59717
0.1756115,0.3573574,0.0745874,0.2825903,0.1098534,53561,26794
0.1417242,0.4025938,0.1027617,0.1924426,0.1604777,83326,33841
0.1021346,0.5266401,0.0686394,0.1297293,0.1728566,53341,20467
0.1189744,0.4106929,0.0964568,0.1617084,0.2121675,65474,24533
0.1019107,0.3300862,0.2806295,0.0737355,0.2136381,21300,7860
0.1801851,0.2452078,0.2047658,0.1378636,0.2319777,21766,8927
0.1464931,0.406363,0.0685756,0.2302241,0.1483442,46096,21485
0.1229029,0.4396089,0.081574,0.1167059,0.2392083,60571,19891
0.171393,0.3148425,0.0899392,0.2799613,0.143864,50657,22478
0.2309541,0.2833892,0.050116,0.3862836,0.0492571,27640,16750
0.1831161,0.3660723,0.0916541,0.2549221,0.1042354,40399,20891
0.1302458,0.3946036,0.1049411,0.1592249,0.2109846,91600,35809
0.1608485,0.4231072,0.1135794,0.212174,0.0902909,57036,25015
0.1279832,0.4158078,0.0589208,0.1663451,0.2309431,25288,9200
0.127857,0.2954043,0.1921848,0.0733595,0.3111944,25645,10199
0.142045,0.4268645,0.1224332,0.0977472,0.2109101,97003,34247
0.1380984,0.3393617,0.1486037,0.0775931,0.2963431,19269,8689
0.1779084,0.3981251,0.085015,0.1374189,0.2015326,130936,59354
0.1322314,0.2804998,0.1961826,0.0781189,0.3129673,15606,7549
0.1936375,0.3823711,0.075102,0.1883216,0.1605678,65421,23640
0.1302911,0.3434208,0.2646524,0.0753208,0.1863149,31753,11206
0.1909061,0.4513559,0.082145,0.1543533,0.1212397,98606,43610
0.13144,0.3209907,0.2137837,0.0651141,0.2686715,61674,23953
0.1200438,0.2812128,0.2676472,0.0715408,0.2595554,35320,14727
0.1430455,0.4577536,0.116639,0.099643,0.1829189,66440,30150
0.1776757,0.3518321,0.1179687,0.1403432,0.2121803,47025,16496
0.1561355,0.4009677,0.1231551,0.1502642,0.1694775,67606,27810
0.2106972,0.37449,0.0979183,0.1870217,0.1298728,48403,22562
0.1832554,0.3457714,0.0909432,0.1440966,0.2359334,96195,50571
0.1984146,0.3643639,0.105491,0.1855949,0.1461356,162364,65552
0.1512949,0.2361199,0.3189459,0.1023626,0.1912767,35550,15539
0.1732752,0.3325935,0.0790384,0.2737567,0.1413362,30752,5885
0.214744,0.2507633,0.0742511,0.341962,0.1182796,27316,14902
0.1860906,0.3303704,0.0384362,0.2852263,0.1598765,27046,11071
0.1608779,0.3084225,0.1533059,0.0730316,0.3043621,27012,10948
0.1509717,0.2825112,0.2702081,0.0992296,0.1970794,27165,11301
0.1383648,0.3751143,0.1096334,0.1615272,0.2153603,53247,22162
0.1490767,0.2777565,0.198844,0.1539652,0.2203576,147643,62445
0.172826,0.3075837,0.0689146,0.2879603,0.1627154,76862,27902
0.1741911,0.3443302,0.1114369,0.1693287,0.2007131,92814,45945
0.1929614,0.3762774,0.0891554,0.2453076,0.0962982,25046,12327
0.2677911,0.2499657,0.0787056,0.3368984,0.0666392,9398,4962
0.2544841,0.304523,0.052855,0.3305606,0.0575773,28395,17962
0.1457011,0.2271711,0.2431477,0.088719,0.2952611,47352,19664
0.1863579,0.3519978,0.1114361,0.2413876,0.1088206,39742,18156
0.2547961,0.2303437,0.0940779,0.3487423,0.07204,28878,17842
0.1117738,0.2474317,0.281186,0.0741747,0.2854338,158813,69225
0.1190015,0.3955492,0.1865371,0.0746038,0.2243084,27997,11534
0.2498367,0.2543132,0.0864497,0.3054183,0.1039821,28817,17554
0.1856698,0.3695348,0.1071155,0.2070117,0.1306682,60125,26099
0.1534963,0.2828477,0.1940848,0.1098574,0.2597138,264695,105801
0.1878964,0.3441448,0.0960712,0.2351654,0.1367222,107063,57106
0.2396866,0.2707063,0.1138446,0.2952213,0.0805412,46601,29014
0.2218591,0.3349975,0.0674161,0.3054737,0.0702536,35026,20989
0.2068621,0.3120727,0.1129433,0.2261426,0.1419793,55844,27875
0.1640592,0.3027582,0.1641262,0.1426067,0.2264497,110881,43087
0.2548693,0.2473139,0.0995437,0.3474955,0.0507776,22869,14393
0.2407294,0.2927831,0.0777735,0.2987716,0.0899424,35608,20153
0.2283981,0.20292,0.0601069,0.455583,0.052992,50546,9192
0.240782,0.2193554,0.050561,0.4387406,0.050561,35011,11405
0.1854383,0.351073,0.0829552,0.3447272,0.0358063,34992,16820
0.2060421,0.2354588,0.0768845,0.4295086,0.052106,25796,5147
0.2322183,0.2839633,0.0533148,0.3657771,0.0647265,18098,6575
0.1739427,0.3541977,0.0673905,0.3064007,0.0980684,46864,12468
0.1402754,0.3086985,0.2682104,0.0896654,0.1931503,66689,25485
0.2472056,0.2007938,0.040094,0.4790215,0.0328851,12452,6133
0.2231538,0.2006962,0.0559943,0.424898,0.0952577,30395,17349
0.2015892,0.2936379,0.0818473,0.306488,0.1164376,95707,45237
0.1399289,0.2925663,0.2366084,0.1202514,0.210645,21884,7338
0.0938111,0.2120883,0.5186391,0.0681144,0.1073471,16852,7579
0.257283,0.2188267,0.0421147,0.4217265,0.0600491,25687,15708
0.2367717,0.1856146,0.052217,0.4866413,0.0387554,65137,12511
0.2029951,0.3080384,0.0821124,0.2935311,0.113323,35779,16532
0.1684639,0.2743129,0.1661335,0.2368973,0.1541924,104496,44173
0.2202177,0.2562163,0.0695159,0.3519056,0.1021445,61246,34598
0.1412654,0.2814938,0.2543019,0.0875207,0.2354182,247750,71277
0.1840135,0.3565407,0.1001511,0.2623006,0.0969941,37839,19004
0.2124105,0.3158736,0.0535143,0.3589153,0.0592863,72893,44678
0.1513206,0.2823243,0.267371,0.1032913,0.1956928,19531,8004
0.1763257,0.3106914,0.1185433,0.2251359,0.1693037,190038,83671
0.2382723,0.2783087,0.0519581,0.3920006,0.0394603,57899,32129
0.144284,0.2972495,0.2507683,0.0971112,0.210587,21906,8448
0.2224325,0.2834056,0.0702618,0.3594328,0.0644673,41009,24730
0.1826551,0.3866493,0.0891502,0.2884783,0.0530671,38633,21877
0.2630562,0.2668764,0.0542921,0.3595955,0.0561798,27968,13410
0.1586157,0.3180889,0.0819817,0.2321469,0.2091668,52949,18894
0.2420142,0.2485581,0.0689885,0.4068323,0.0336069,19365,11468
0.1985868,0.2845244,0.0992934,0.3097427,0.1078527,42670,19153
0.1837953,0.2793773,0.1289578,0.2501808,0.1576888,136477,56317
0.2446419,0.2065901,0.050943,0.4451478,0.0526772,75213,45496
0.1486782,0.3086621,0.2589671,0.0955673,0.1881253,19119,9084
0.197457,0.3403353,0.0713834,0.2776518,0.1131725,34720,17038
0.1301068,0.4126473,0.1090739,0.171567,0.176605,52350,19640
0.1242791,0.2793501,0.2561495,0.0742767,0.2659446,336683,131093
0.2459592,0.223054,0.0555721,0.420587,0.0548277,52286,27853
0.2125089,0.2693902,0.0704318,0.358833,0.0888361,24141,13851
0.185619,0.403057,0.0683954,0.2597241,0.0832045,22425,10150
0.1721035,0.3512026,0.0916523,0.2347115,0.1503301,35356,15217
0.198394,0.2050857,0.0614365,0.3524951,0.1825887,18236,4153
0.1979294,0.2642438,0.0808659,0.3107942,0.1461667,18208,10220
0.1432421,0.4439501,0.0750674,0.1831568,0.1545836,21901,10033
0.1458375,0.302983,0.2810489,0.1056736,0.164457,16432,8798
0.1610567,0.3513784,0.0654215,0.3214143,0.1007291,24308,12857
0.1429257,0.2731728,0.3172278,0.1133603,0.1533134,32659,15283
0.160866,0.4062839,0.0748451,0.2145092,0.1434958,20516,5482
0.1421512,0.2732098,0.2559672,0.0968297,0.2318421,45084,15513
0.1868451,0.4029453,0.0599427,0.2481716,0.1020953,25081,9662
0.1625983,0.2766534,0.1158634,0.2800612,0.1648237,19520,9436
0.1729717,0.3225594,0.0931199,0.3046491,0.1066999,37761,21353
0.1745305,0.2994497,0.0817417,0.2913969,0.1528812,32683,15250
0.1761409,0.3195793,0.0987986,0.2479945,0.1574867,37628,17102
0.1503658,0.3783076,0.1194798,0.1646347,0.1872121,20101,10064
0.1618788,0.3398493,0.1224432,0.2264718,0.1493569,26759,11370
0.141154,0.325663,0.2077847,0.122506,0.2028923,153114,64507
0.1733528,0.3622782,0.0961227,0.2319671,0.1362792,35460,16348
0.1723151,0.3829977,0.1054491,0.2034296,0.1358085,52534,24524
0.1694068,0.3204928,0.1053242,0.2728509,0.1319253,35206,15679
0.1604927,0.4247037,0.1103184,0.1700906,0.1343946,59068,29772
0.150406,0.3413043,0.0945268,0.2537062,0.1600567,55391,12434
0.1129349,0.4471953,0.1409483,0.0830903,0.2158312,19598,2415
0.1886942,0.2641236,0.0708078,0.4033938,0.0729806,31313,6478
0.0579894,0.3946651,0.1241238,0.0607801,0.3624416,49660,10808
0.1720626,0.3427207,0.0884927,0.3139524,0.0827716,76402,14552
0.0684409,0.3568138,0.1245987,0.069511,0.3806356,35627,8930
0.1508078,0.3065823,0.0722016,0.2749778,0.1954305,49460,10958
0.173659,0.3366968,0.0980913,0.3284808,0.0630721,34624,7932
0.1284059,0.2233643,0.3699897,0.1185258,0.1597143,83433,26490
0.0971818,0.3848199,0.1198834,0.1330068,0.2651081,162921,43075
0.142405,0.4456535,0.1047101,0.2215821,0.0856493,64919,12889
0.1837871,0.3001601,0.0656092,0.3758865,0.0745571,45180,16479
0.211075,0.274032,0.0780756,0.3981406,0.0386768,23189,5955
0.1244243,0.4230963,0.1742907,0.0972206,0.1809681,132654,47217
0.1937237,0.2181409,0.0683681,0.4236698,0.0960975,25287,4303
0.227264,0.29478,0.06117,0.3515126,0.0652734,23646,12751
0.1763186,0.2801946,0.0920505,0.3198966,0.1315397,40882,9171
0.1634632,0.4278829,0.0839361,0.2040396,0.1206782,140178,68101
0.1667522,0.3176608,0.1284987,0.2525101,0.1345782,101544,42460
0.1750951,0.3191654,0.1359265,0.289566,0.080247,124066,29861
0.1950355,0.3210614,0.0737509,0.3052036,0.1049486,34591,16813
0.1787722,0.3760858,0.0776699,0.2820644,0.0854077,19345,8071
0.1746103,0.3625793,0.0946052,0.2292186,0.1389866,117944,48921
0.0793794000000001,0.3679402,0.174914,0.0745025,0.3032639,213237,70587
0.1872301,0.2454945,0.084921,0.3658257,0.1165287,29110,5634
0.0843333,0.3327757,0.1675306,0.0728173,0.3425431,503887,123158
0.0697516,0.3736404,0.1357732,0.0637509,0.3570839,254728,70292
0.1154853,0.3585506,0.1448726,0.1358488,0.2452427,124691,43867
0.1312264,0.4339413,0.1386513,0.1261623,0.1700187,192538,68651
0.1628444,0.3116781,0.0943566,0.3261193,0.1050016,30557,6042
0.1461411,0.2787699,0.1090928,0.2775383,0.1884579,38461,4893
0.1111227,0.3283487,0.1606147,0.0981696,0.3017443,273428,92055
0.1351032,0.2972359,0.1002076,0.2584508,0.2090025,65811,32967
0.1405829,0.2709893,0.2571782,0.1047467,0.2265029,22593,8896
0.1595809,0.3371702,0.1308146,0.2364523,0.135982,127101,32678
0.1631753,0.2442966,0.0693728,0.4074097,0.1157456,18257,11251
0.1919373,0.2612225,0.0805078,0.3181312,0.1482012,32838,16589
0.1945937,0.2501019,0.0739021,0.368777,0.1126253,61183,36011
0.2013564,0.2444968,0.0911354,0.3364969,0.1265145,119116,41647
0.1741062,0.2689212,0.0893179,0.337262,0.1303927,29179,15773
0.1963918,0.251963,0.0739858,0.369929,0.1077304,26779,13862
0.2305883,0.1777941,0.0540441,0.4570588,0.0805147,15637,5282
0.1570868,0.2995537,0.0782778,0.2790733,0.1860084,87826,40877
0.1278362,0.2423239,0.2983065,0.0845322,0.2470012,127535,55134
0.1938039,0.2363992,0.1187685,0.3540083,0.0970201,61157,32748
0.2182635,0.2375572,0.0641839,0.398478,0.0815174,30213,17024
0.1615417,0.3207361,0.0565232,0.3848646,0.0763344,26346,18656
0.1895182,0.2503392,0.0758925,0.3600574,0.1241927,159699,92731
0.1564374,0.263164,0.2163124,0.1369683,0.2271179,602938,232944
0.2121947,0.1676171,0.0558882,0.3833761,0.1809239,28513,13387
0.2112108,0.2379794,0.0947806,0.3226064,0.1334228,32293,16205
0.2446209,0.179252,0.056916,0.4047644,0.1144467,23930,13431
0.2209046,0.1718782,0.0606152,0.3947063,0.1518957,76073,25814
0.1675024,0.251638,0.2007819,0.130649,0.2494287,150477,56464
0.1572626,0.39697,0.1067053,0.1906685,0.1483936,42628,7527
0.1969174,0.2778943,0.1081561,0.2643763,0.1526559,117736,32563
0.1629014,0.2451263,0.2527272,0.1217538,0.2174913,70314,18277
0.190528,0.2973235,0.1043754,0.2629834,0.1447897,54447,23335
0.124678,0.3946947,0.1404736,0.126233,0.2139207,68928,14128
0.1278651,0.2690047,0.2478991,0.0754323,0.2797988,553806,146845
0.1786274,0.265967,0.1143547,0.2305317,0.2105192,168600,41021
0.1138,0.4479866,0.1114608,0.1080194,0.2187332,126571,25052
0.1312842,0.2947971,0.2335093,0.083485,0.2569244,117056,27717
0.1483002,0.3323049,0.1349739,0.168039,0.216382,77135,14467
0.2058118,0.3564583,0.0746406,0.2699627,0.0931266,92858,25366
0.1962348,0.3141215,0.0924997,0.2669926,0.1301514,31622,8362
0.2223056,0.2089788,0.061969,0.3804764,0.1262702,13679,3376
0.2230562,0.1754052,0.072821,0.4157517,0.1129659,31900,8658
0.2274487,0.1915499,0.0844419,0.3406848,0.1558747,105587,25716
0.1560592,0.2424406,0.0982651,0.2861341,0.217101,56088,19073
0.2803735,0.1161234,0.055108,0.4718883,0.0765068,26588,9325
0.1735591,0.2341809,0.1954484,0.170872,0.2259396,93859,29570
0.2101191,0.2478534,0.1185885,0.3059991,0.1174399,71151,26731
0.1847028,0.2811336,0.1149637,0.2665817,0.1526182,71019,21382
0.2608661,0.1752808,0.0862771,0.4072928,0.0702832,28335,9066
0.2597303,0.1439961,0.0505218,0.4931249,0.0526269,24290,11822
0.3130152,0.1349588,0.0547322,0.4427134,0.0545804,22552,10833
0.2765582,0.1432532,0.0470661,0.4759125,0.05721,33176,14555
0.2560647,0.136249,0.0499957,0.5010347,0.0566559,61012,20549
0.1654418,0.1862392,0.0448006,0.4095387,0.1939797,16384,2719
0.2519506,0.1331241,0.0475568,0.5263938,0.0409747,23115,5664
0.2203096,0.1719035,0.0538707,0.4786885,0.0752277,24526,8580
0.2127647,0.1588739,0.0403359,0.4478104,0.1402151,21335,9876
0.1746852,0.2217094,0.1428606,0.3028297,0.1579151,111442,33374
0.1180217,0.2821761,0.2469374,0.0797826,0.2730822,371393,116679
0.0832703,0.3486745,0.1959121,0.0654421,0.306701,453019,119781
0.1002241,0.3623067,0.1573023,0.0888492,0.2913177,507831,160062
0.1320064,0.32507,0.1789661,0.0699079,0.2940496,486041,194112
0.1215652,0.4065384,0.1523886,0.0797132,0.2397946,163467,52388
0.1456774,0.3519236,0.1590447,0.1229156,0.2204387,213453,64349
0.1367093,0.3631472,0.1153156,0.2025001,0.1823278,240603,79236
0.0963885,0.3513817,0.1829423,0.0801219,0.2891656,92355,31253
0.1451799,0.3495613,0.1315098,0.1650881,0.2086609,103347,32654
0.0801433,0.3511198,0.1559545,0.0698824,0.3429,122458,34020
0.1631223,0.2825985,0.1470057,0.2455623,0.1617112,53524,17823
0.2001609,0.3576075,0.0586066,0.2841145,0.0995105,18607,7595
0.2663691,0.2350175,0.0481129,0.4067286,0.0437719,17828,6041
0.1988787,0.350977,0.0890832,0.2917695,0.0692916,28416,6381
0.1907008,0.3609045,0.1240704,0.241127,0.0831973,18585,7111
0.2079351,0.3067904,0.0771838,0.3147922,0.0932985,20696,5176
0.2250543,0.3012745,0.0569475,0.3452285,0.0714952,18922,7451
0.260115,0.2483219,0.0360838,0.4117189,0.0437604,28903,8925
0.2072631,0.2934035,0.0674386,0.3549474,0.0769474,32821,9985
0.2179161,0.3477297,0.0451597,0.3403399,0.0488546,13141,3809
0.2000523,0.2986409,0.1027705,0.2987977,0.0997386,22880,6782
0.1918937,0.3495883,0.1282457,0.2340722,0.0962001,24326,9822
0.2309938,0.2402149,0.0362876,0.390142,0.1023617,17454,5629
0.1264253,0.3210154,0.2618394,0.1121931,0.1785268,17851,6153
0.2280549,0.2461345,0.1180747,0.3610101,0.0467258,22510,9255
0.2222275,0.3122737,0.0535872,0.3538221,0.0580895,23727,5972
0.1971275,0.3809772,0.0790593,0.2446845,0.0981515,30020,12072
0.2427042,0.3351753,0.0579347,0.3050423,0.0591435,27217,7383
0.1493691,0.2739887,0.2650488,0.0887258,0.2228676,580782,197232
0.3133987,0.1950378,0.0386917,0.3903666,0.0625052,23638,10193
0.2022414,0.3369823,0.0558483,0.344404,0.060524,32642,12529
0.1461858,0.3135432,0.2522684,0.1144841,0.1735185,13404,4349
0.2574294,0.2690193,0.055052,0.3890788,0.0294205,15372,5059
0.2457019,0.2326729,0.0467967,0.4358184,0.0390101,13506,4270
0.188177,0.3114886,0.1321386,0.265882,0.1023138,20249,7680
0.1945049,0.367416,0.0976553,0.2614616,0.0789622,15225,6151
0.2147015,0.3375984,0.0694133,0.312584,0.0657028,38113,10904
0.2284383,0.265931,0.0601963,0.4078513,0.0375831,24209,8073
0.1787609,0.3710548,0.0859185,0.2841921,0.0800737,27662,8498
0.2102001,0.3044971,0.0816515,0.3350641,0.0685872,13783,5758
0.2064393,0.3304408,0.0765176,0.3081789,0.0784234,28285,9201
0.1083351,0.3956499,0.2189425,0.0747821,0.2022904,121306,35103
0.251429,0.2255266,0.0713915,0.3982892,0.0533637,28079,12115
0.2480394,0.2319243,0.0645562,0.4196155,0.0358646,22880,10172
0.2395175,0.2372918,0.060382,0.3869184,0.0758903,15683,7212
0.2500466,0.2364374,0.0700503,0.3855798,0.0578859,24433,10353
0.2552618,0.2264999,0.0474871,0.4174219,0.0533293,15231,5123
0.2408676,0.2675133,0.0605486,0.3999838,0.0310867,38998,17314
0.2010377,0.3355984,0.1131743,0.2883217,0.0618679,44569,16751
0.2645676,0.1975086,0.0857439,0.4202076,0.0319723,16022,6298
0.2112841,0.3027034,0.1170008,0.297485,0.0715267,32403,13656
0.2237522,0.2856939,0.0830754,0.3361084,0.0713701,31964,13759
0.253158,0.2239142,0.0672694,0.4252898,0.0303686,24961,9196
0.2055122,0.3025764,0.1162373,0.2899441,0.08573,23891,10359
0.2508091,0.2604301,0.0554644,0.394192,0.0391044,24028,11380
0.2686986,0.2028127,0.0729402,0.4184227,0.0371258,24830,13264
0.2379,0.2682845,0.0428207,0.3974186,0.0535762,15865,6032
0.2033115,0.3481532,0.0785305,0.3235552,0.0464496,29700,14215
0.2759047,0.1982815,0.0353164,0.45955,0.0309474,14173,7464
0.299143,0.1843987,0.0220536,0.4640537,0.030351,19281,5835
0.2384019,0.2245479,0.0828622,0.3664582,0.0877298,32109,9206
0.2757713,0.2370877,0.0444539,0.4040749,0.0386122,15648,5747
0.2677074,0.244716,0.0336802,0.4220716,0.0318248,26169,8871
0.2790789,0.1226314,0.0407152,0.3679914,0.1895831,12742,3803
0.245055,0.3126374,0.0326673,0.3643856,0.0452547,21056,10383
0.246304,0.2111576,0.0489261,0.3837099,0.1099024,21218,7499
0.2478802,0.209511,0.0394997,0.379381,0.1237281,17004,5499
0.2583774,0.2595984,0.0379189,0.3965541,0.0475512,15927,3402
0.2013647,0.2697277,0.1321445,0.2870987,0.1096644,38502,11844
0.2460703,0.2738878,0.0325807,0.397828,0.0496332,11374,4481
0.2338913,0.2647798,0.1023633,0.3577329,0.0412327,16346,5674
0.2315831,0.2851436,0.0518922,0.3479673,0.0834138,26036,8816
0.1515414,0.2640035,0.3177595,0.1214937,0.1452019,17310,7227
0.2543589,0.2453908,0.0508468,0.4044381,0.0449654,26487,11835
0.1922904,0.3011668,0.0580803,0.2823438,0.1661187,18331,6052
0.2547216,0.2319693,0.048823,0.4037909,0.0606952,31216,11110
0.2372784,0.2660092,0.0298742,0.4349628,0.0318754,14192,5057
0.1759126,0.2685638,0.2349334,0.1194788,0.2011114,15200,4659
0.2662428,0.252629,0.0383142,0.3586859,0.0841281,15514,5419
0.2674703,0.2840909,0.0343033,0.3873194,0.0268161,20940,5559
0.2688728,0.2437217,0.0519357,0.368755,0.0667148,29158,11546
0.2472383,0.216202,0.038506,0.432404,0.0656497,10459,3591
0.2388146,0.2315531,0.0334973,0.4236941,0.0724409,19013,7362
0.1881116,0.2707209,0.0716964,0.3246761,0.144795,41254,9440
0.1321939,0.295674,0.2222866,0.1001352,0.2497103,17057,4456
0.2613792,0.2172341,0.0465769,0.4308517,0.0439581,17449,6311
0.2496721,0.1918921,0.070148,0.4092698,0.079018,18040,4852
0.235564,0.2162142,0.0465774,0.4089484,0.092696,15621,3743
0.199591,0.317556,0.0490851,0.3186151,0.1151528,31364,8990
0.2360753,0.2198216,0.0459861,0.4267592,0.0713578,11411,3358
0.262369,0.2026034,0.0457762,0.4367506,0.0525008,41214,14693
0.189711,0.2533633,0.143338,0.284892,0.1286957,116892,33307
0.1800401,0.3417407,0.0690887,0.2834989,0.1256316,27421,7282
0.2290507,0.2398527,0.0420622,0.4138298,0.0752046,13381,3822
0.2665586,0.1720718,0.0350505,0.4662592,0.0600599,17477,6082
0.1256082,0.3333033,0.3044693,0.0800144,0.1566048,14399,4160
0.254791,0.2043017,0.0377341,0.4308938,0.0722794,36270,10437
0.1622319,0.2988086,0.2731136,0.1113582,0.1544877,36902,15469
0.1868798,0.3192407,0.1352729,0.2301823,0.1284243,48628,25038
0.1949087,0.3343093,0.0471717,0.2802245,0.1433858,29971,15712
0.1923559,0.2583424,0.2289872,0.1137409,0.2065736,18720,9889
0.2928999,0.1328784,0.0249195,0.5174053,0.0318969,14631,6624
0.2480895,0.2240403,0.0461656,0.3937337,0.0879709,26464,9045
0.2816589,0.1933363,0.0335083,0.4340267,0.0574698,17943,6833
0.1470108,0.4426134,0.1523928,0.1268414,0.1311416,48230,23941
0.1724788,0.3209411,0.0700597,0.2636576,0.1728628,37514,12435
0.2031751,0.3579753,0.0836448,0.2917455,0.0634593,28175,15232
0.1981372,0.2892194,0.0782635,0.2874168,0.1469631,25273,9402
0.1909726,0.4447072,0.0715207,0.2274046,0.0653949,22379,10973
0.1764786,0.4741279,0.0645603,0.1987527,0.0860805,18743,10095
0.1614894,0.2712051,0.0773298,0.0931923,0.3967834,5969,2872
0.2684008,0.1542229,0.034816,0.4849087,0.0576516,17049,7111
0.1468774,0.4396409,0.0972023,0.1537064,0.162573,23152,11256
0.2273411,0.2926265,0.0421345,0.3217965,0.1161014,10842,5474
0.2753173,0.1488449,0.0566158,0.4815999,0.0376221,12331,5103
0.168865,0.4176723,0.0713226,0.199976,0.1421641,31605,14266
0.2632818,0.2227567,0.0481594,0.4363627,0.0294394,22195,15515
0.1506638,0.3173647,0.265475,0.1051073,0.1613892,14967,7215
0.2832422,0.1850628,0.0444631,0.4195157,0.0677162,19272,12538
0.2194917,0.2304272,0.1110978,0.3600312,0.0789521,19520,6846
0.2081305,0.3149586,0.0456519,0.3336403,0.0976187,9301,4578
0.1382678,0.3507642,0.2461081,0.1044438,0.1604161,20895,8087
0.2793428,0.1988064,0.0310595,0.4543413,0.03645,16962,8895
0.2034566,0.3431897,0.0490271,0.2707072,0.1336194,20527,12525
0.141263,0.3004608,0.1861253,0.0748038,0.2973471,54155,22458
0.2816627,0.1685518,0.0513178,0.4572909,0.0411768,20896,14332
0.2600158,0.219715,0.0570071,0.3794141,0.083848,15830,8967
0.2788308,0.1971862,0.0373232,0.4513777,0.0352821,14837,5398
0.1751776,0.3574588,0.0772014,0.2137783,0.1763839,18996,7532
0.2814451,0.197052,0.0384393,0.4421387,0.0409249,20377,14960
0.1324289,0.3035863,0.2248347,0.0808631,0.258287,318254,124775
0.2555985,0.2385967,0.0557001,0.3920574,0.0580473,18764,13508
0.274048,0.1953278,0.0381822,0.460051,0.032391,11761,7161
0.2096862,0.328981,0.0750097,0.256141,0.1301821,31338,14231
0.2717751,0.2453369,0.0393211,0.4074945,0.0360724,20452,15153
0.231506,0.2573817,0.0781035,0.3269129,0.1060959,24235,13525
0.224746,0.2762242,0.0426321,0.3148043,0.1415934,20274,4348
0.1548477,0.3247432,0.0501892,0.2916742,0.1785457,27992,4611
0.1645914,0.2420847,0.2637258,0.155105,0.1744931,24772,7518
0.2669612,0.1939173,0.0642059,0.413829,0.0610866,9038,3643
0.2684575,0.1768683,0.0387632,0.4618228,0.0540882,12627,5800
0.2078552,0.234873,0.0832598,0.3650584,0.1089536,25241,5902
0.290183,0.1560775,0.0467583,0.4718584,0.0351228,20664,7560
0.3010799,0.121433,0.0390728,0.4845026,0.0539117,12683,4023
0.2580589,0.1980836,0.044242,0.4209499,0.0786656,19488,6143
0.2967841,0.1577214,0.0492811,0.46153,0.0346834,10477,5424
0.2817184,0.1377946,0.0450772,0.4879367,0.0474731,19987,5206
0.2538063,0.212214,0.0693204,0.381007,0.0836523,25717,7880
0.2547637,0.2150166,0.0798126,0.390468,0.0599391,26766,13279
0.3050581,0.118337,0.0335114,0.5235103,0.0195832,9702,5051
0.2707617,0.164602,0.0337233,0.4732163,0.0576967,19105,6673
0.2911266,0.1564058,0.0534646,0.4439183,0.0550847,9286,3301
0.2411202,0.2150731,0.0694048,0.349555,0.1248469,15492,3440
0.2955518,0.1281182,0.0634536,0.4704125,0.0424639,14162,3515
0.2253009,0.2895263,0.0404609,0.3868374,0.0578745,21484,3963
0.241055,0.2344455,0.0490626,0.4217985,0.0536384,17892,5337
0.1781207,0.3134201,0.1448695,0.2598325,0.1037572,51548,15390
0.1716008,0.2630782,0.2455328,0.1912788,0.1285094,101237,24774
0.2601104,0.2424589,0.0669902,0.3278618,0.1025787,26215,14110
0.2193874,0.2762029,0.0852429,0.2043074,0.2148594,35973,14150
0.1261592,0.2539712,0.1954825,0.1053163,0.3190708,16614,4939
0.2724213,0.2052485,0.0765857,0.3238718,0.1218727,87608,39919
0.1558732,0.3211904,0.1314521,0.1616824,0.2298019,88246,36288
0.2421528,0.2575195,0.0684582,0.2867235,0.145146,18965,9696
0.2242633,0.2284736,0.0626426,0.3141291,0.1704914,80425,38808
0.1253745,0.2979237,0.2061212,0.107008,0.2635726,104620,34268
0.2350993,0.2886534,0.1075276,0.2292936,0.1394261,63322,30469
0.1725492,0.4913632,0.0534423,0.1973684,0.0852769,36488,13840
0.1292649,0.4748007,0.1525874,0.0541943,0.1891527,31271,14367
0.275991,0.1842671,0.0495237,0.3604425,0.1297757,24974,14377
0.1712492,0.2469578,0.1630806,0.1775654,0.241147,35081,9155
0.1653745,0.3242755,0.1034249,0.2220173,0.1849078,35392,17769
0.1270621,0.3512164,0.1939411,0.107507,0.2202734,117504,42811
0.1323625,0.2886411,0.2464291,0.065131,0.2674363,504542,187759
0.188286,0.3231171,0.0799915,0.2080119,0.2005935,96906,49263
0.1486437,0.2457617,0.2437031,0.0871276,0.2747639,25816,12194
0.0889308,0.4250583,0.1447208,0.0460753,0.2952148,26867,6376
0.1587487,0.3793936,0.1136543,0.1617125,0.1864909,205827,83413
0.147165,0.3550896,0.0998337,0.1398095,0.2581022,95987,35693
0.1177985,0.3253943,0.1743161,0.0737045,0.3087866,23192,7412
0.1604459,0.3778731,0.0685935,0.1842882,0.2087993,74270,31965
0.1329232,0.2277758,0.2715044,0.0862659,0.2815307,27888,11295
0.1638992,0.4303134,0.0837625,0.1862082,0.1358167,54038,22919
0.1526257,0.3944101,0.1035318,0.1390327,0.2103997,76864,31099
0.1469343,0.3771325,0.1236949,0.1054196,0.2468187,89833,33078
0.1571231,0.3979068,0.1063778,0.1659377,0.1726546,61465,25119
0.1596021,0.4054161,0.1116183,0.1432373,0.1801262,150949,64340
0.1222381,0.3792615,0.1477989,0.0840804,0.2666211,83558,26045
0.1281394,0.2698311,0.248537,0.0574757,0.2960168,551683,188985
0.1214345,0.3744316,0.1516122,0.0754444,0.2770773,13229,5317
0.143366,0.4329151,0.0808063,0.1402898,0.2026228,75552,33356
0.131201,0.2845953,0.1715622,0.0750653,0.3375762,13582,5431
0.1463836,0.4085891,0.1060277,0.1027075,0.2362921,81852,41845
0.1114949,0.4990394,0.0850906,0.0790984,0.2252767,103716,40909
0.1102246,0.3179559,0.2045697,0.0500499,0.3171999,254494,103498
0.1219527,0.4287267,0.1121506,0.1009705,0.2361995,67442,31328
0.1241671,0.4914147,0.08589,0.1124332,0.186095,74337,32628
0.1349273,0.4328087,0.1493947,0.0773608,0.2055085,22611,9362
0.1639456,0.4084269,0.0788468,0.1495452,0.1992355,46232,23819
0.131814,0.3983468,0.1230265,0.0726095,0.2742032,18307,6942
0.109086,0.5413829,0.0911515,0.090594,0.1677856,57421,24811
0.1441582,0.4343249,0.1007143,0.0943891,0.2264135,90902,50123
0.1793546,0.3707956,0.1007797,0.1450127,0.2040574,52038,29736
0.1684241,0.4068808,0.0835597,0.1428609,0.1982745,47414,26305
0.1289394,0.2994671,0.1846962,0.0629358,0.3239615,82740,41819
0.1303183,0.4521869,0.1675097,0.0683725,0.1816126,23637,9757
0.1327236,0.39503,0.1144588,0.0807797,0.2770079,107219,49823
0.1325716,0.4443106,0.1387735,0.0952104,0.1891339,215250,91276
0.2282787,0.2507737,0.0810159,0.3693309,0.0706008,55323,14994
0.2346632,0.3533852,0.065263,0.3096305,0.0370581,20830,10314
0.1669549,0.5036486,0.0909943,0.1820766,0.0563256,38000,12960
0.2452872,0.2507688,0.0839164,0.3636971,0.0563305,25327,8680
0.2159424,0.3790415,0.086218,0.2457412,0.0730569,23145,9232
0.2464449,0.2343336,0.0750181,0.3637623,0.0804411,19177,9708
0.2697411,0.2184858,0.052231,0.4291987,0.0303434,34216,20056
0.2623862,0.221142,0.0664363,0.4128932,0.0371423,34231,11306
0.1465345,0.4281508,0.15507,0.152693,0.1175517,49653,15371
0.2239733,0.2771251,0.0834288,0.3267908,0.088682,25469,11141
0.1778142,0.330408,0.1216322,0.2217757,0.1483699,29324,7402
0.1667793,0.4119664,0.1091205,0.1992467,0.1128871,76146,23519
0.2263895,0.2923041,0.0881814,0.3556789,0.0374461,19372,9691
0.1968478,0.3777451,0.0968372,0.2578964,0.0706735,56909,23941
0.2159638,0.2819287,0.1195177,0.2737538,0.108836,113614,37158
0.301465,0.1592298,0.0602763,0.4235245,0.0555044,12855,4415
0.2774051,0.1824768,0.0472293,0.4673286,0.0255602,15891,6128
0.2359479,0.3117048,0.0698094,0.2973236,0.0852143,24343,9746
0.1836893,0.3650725,0.1619887,0.2000034,0.0892461,70180,23081
0.2538616,0.2191789,0.0632788,0.4380706,0.0256101,18435,8376
0.2942604,0.1798876,0.0629468,0.4269554,0.0359498,15346,7117
0.2130879,0.3874325,0.0633674,0.2567945,0.0793177,23136,8300
0.2085902,0.2822683,0.1163671,0.3174999,0.0752745,53755,18834
0.2160938,0.3586517,0.0941466,0.2619373,0.0691706,86866,33414
0.1940506,0.3359304,0.0923115,0.2751426,0.1025649,74032,19744
0.2439438,0.2443523,0.0800887,0.380188,0.0514272,19648,7003
0.1392762,0.3370288,0.264612,0.1173221,0.1417609,338976,102461
0.238696,0.2583602,0.095327,0.336008,0.0716088,68322,30179
0.197491,0.2843976,0.1630584,0.2578529,0.0972001,88525,35041
0.2485591,0.2512856,0.0601208,0.3423986,0.0976359,33132,14566
0.237626,0.3042995,0.07826,0.3035417,0.0762728,69472,28163
0.2204565,0.29672,0.0692735,0.3738798,0.0396702,36451,12085
0.2704045,0.2773651,0.055855,0.3431094,0.053266,25246,8930
0.2553665,0.2312352,0.0895964,0.3842128,0.0395891,23354,7093
0.2522829,0.218327,0.0813564,0.3608039,0.0872298,25321,9872
0.1977125,0.3059956,0.1649664,0.2228683,0.1084572,73628,24610
0.1856987,0.3699021,0.1107259,0.223695,0.1099783,18043,5529
0.2768659,0.219746,0.0588265,0.404407,0.0401546,21790,8551
0.2527738,0.2397241,0.0823225,0.3843633,0.0408163,19853,8261
0.1786813,0.3283967,0.1372519,0.2310355,0.1246346,32243,11802
0.2233194,0.2718559,0.0850434,0.3470891,0.0726922,35794,12933
0.2472756,0.2711948,0.0664607,0.3450217,0.0700472,39730,19926
0.1882215,0.2714089,0.183395,0.2345372,0.1224374,120014,39616
0.2427092,0.2102177,0.1042371,0.3545013,0.0883347,23633,13539
0.225906,0.3209794,0.0787494,0.2611065,0.1132587,42690,17899
0.1793633,0.3433793,0.1135307,0.242949,0.1207777,75019,29723
0.2646954,0.2168536,0.0669864,0.4060803,0.0453843,28720,12941
0.1974009,0.3239906,0.0881899,0.2454007,0.1450179,37317,13227
0.2059455,0.2571088,0.1039372,0.3397892,0.0932193,60387,23544
0.1946211,0.319126,0.0747389,0.3176852,0.0938288,20342,7784
0.1888899,0.2846818,0.123154,0.2113625,0.1919118,184634,79368
0.2498444,0.1809344,0.0822617,0.3997978,0.0871617,44164,17679
0.1673411,0.2342441,0.2288493,0.1731959,0.1963696,184109,76292
0.1704174,0.3288906,0.1322238,0.1548446,0.2136236,108182,52364
0.1764084,0.2791809,0.1230731,0.240273,0.1810646,75961,25135
0.2669362,0.1905295,0.0622473,0.3978553,0.0824317,72632,34119
0.2959856,0.1144339,0.0563825,0.4916554,0.0415426,24457,8748
0.1438773,0.26761,0.2439243,0.1272738,0.2173146,111524,48078
0.2303561,0.2416009,0.0539288,0.4030659,0.0710483,26345,18563
0.2501508,0.211338,0.0643146,0.3761523,0.0980443,30406,19341
0.2011966,0.2927124,0.1139142,0.2485853,0.1435915,63129,28223
0.2002778,0.2567634,0.1513641,0.2722499,0.1193448,71975,37315
0.2480163,0.1873986,0.0536857,0.447273,0.0636264,40416,29834
0.2546383,0.2322319,0.0798258,0.3566612,0.0766428,29209,14592
0.2417701,0.2233308,0.1180124,0.336646,0.0802407,32774,10789
0.1504224,0.2961154,0.1847122,0.1528086,0.2159414,175347,58928
0.1625293,0.2893748,0.126083,0.1541664,0.2678465,234409,78566
0.1591185,0.2900431,0.1591305,0.1616799,0.230028,485912,171152
0.1404359,0.2549109,0.2400133,0.0721956,0.2924443,932831,318746
0.1508803,0.4628983,0.0780591,0.2430525,0.0651098,34959,14791
0.1600839,0.2708224,0.2482975,0.1198533,0.2009429,15984,5631
0.2128516,0.3090927,0.0848099,0.3361384,0.0571074,103623,49469
0.1472868,0.4718028,0.0906352,0.2001176,0.0901576,36953,17454
0.1865271,0.4014211,0.0792157,0.2677225,0.0651136,46875,20503
0.1609087,0.2949744,0.2715862,0.1009097,0.171621,65317,20718
0.1794929,0.2835251,0.2067687,0.2288395,0.1013738,61882,27548
0.1411128,0.4726166,0.0950165,0.2136579,0.0775962,33565,15233
0.1551897,0.3753531,0.1150026,0.2028189,0.1516357,47094,18300
0.17329,0.2772638,0.2250163,0.1420195,0.1824104,13363,5563
0.1808855,0.418195,0.0728285,0.2540044,0.0740866,26085,11976
0.150037,0.4466581,0.0936395,0.2078595,0.1018059,50690,22824
0.1393519,0.2733038,0.2086042,0.0905634,0.2881767,97932,38217
