"treatment","pri2000s","pri2000v","t2000","t2000r","pri1994","pan1994","prd1994","pri1994s","pri1994v","pan1994s","pan1994v","prd1994s","prd1994v","t1994","t1994r","votos1994","avgpoverty","pobtot1994","villages"
1,40.823969244957,73.1543624161074,55.805242061615,60.5691056910569,102,3,23,45.7598894834518,77.2727272727273,1.34587911888957,2.27272727272727,10.3184066712856,17.4242424242424,60.5645596981049,67.005076142132,135,5,541,4
1,22.4418610334396,73.5238095238095,31.220930814743,50.2873563218391,245,18,14,15.1153773069382,65.6836461126005,1.11051751300693,4.82573726541555,0.863735843449831,3.75335120643432,23.8144308328629,55.8383233532934,386,5,3289,2
1,38.9312982559204,87.0307167235495,47.0228999853134,42.5253991291727,52,8,4,7.98856988549232,50.9803921568627,1.22901080176234,7.84313725490196,0.614505400881171,3.92156862745098,21.661314368248,35.5400696864112,141,4.5,1320,2
1,31.1688303947449,71.2871287128713,45.0216442346573,49.7536945812808,58,6,7,29.1621536016464,73.4177215189873,3.01677472889423,7.59493670886076,3.5195704549551,8.86075949367089,40.2236610651016,56.8345323741007,80,5,384,1
0,76.9230782985687,78.9473684210526,100,48.4076433121019,30,0,38,20.170384645462,43.4782608695652,0,0,25.5491524934769,55.0724637681159,46.3918834924698,48.5915492957746,69,5,307,1
0,23.8532111048698,65.4088050314465,37.3853206634521,34.7921225382932,128,0,20,32.8197360038757,51.8218623481781,0,0,5.12808375060558,8.09716599190283,63.3318305015564,68.6111111111111,247,5,840,6
1,47.3118275403976,75.4285714285714,64.8745536804199,44.6428571428571,47,8,9,12.2825644910336,43.1192660550459,2.09064930677414,7.3394495412844,2.35198047012091,8.25688073394496,28.485095500946,34.0625,109,5,790,1
1,21.407625079155,38.6243386243386,58.0645143985748,52.3545706371191,30,1,99,9.94230061769485,19.6078431372549,0.331410020589828,0.65359477124183,32.809591293335,64.7058823529412,61.6422593593597,56.6666666666667,186,5,632,2
1,56.4814805984497,89.7058823529412,71.2962985038757,50.7462686567164,274,0,30,178.162705898285,89.8360655737705,0,0,19.5068657398224,9.83606557377049,204.171848297119,211.805555555556,314,5,356,2
1,36.6197168827057,71.5596330275229,51.1737108230591,50.2304147465438,81,4,14,40.3011173009872,81,1.99017859995365,4,6.96562528610229,14,51.247102022171,68.4931506849315,103,5,435,2
1,17.0542642474174,30.9314586994728,57.267439365387,53.6792452830189,160,4,352,25.1185089349747,29.9625468164794,0.627962732687593,0.749063670411985,55.2607178688049,65.9176029962547,92.1535313129425,66.8335419274093,587,5,1423,9
1,12.1851600706577,39.9553571428571,31.313818693161,53.3333333333333,208,9,202,16.1764651536942,48.9411764705882,0.699943164363503,2.11764705882353,15.7098352909088,47.5294117647059,33.0528736114502,68.8816855753647,425,4.83333349227905,2949,8
0,10.4200325906277,55.8441558441558,18.9014539122581,51.3333333333333,137,0,26,16.852755844593,83.030303030303,0,0,3.19833345711231,15.7575757575758,20.6661537289619,68.75,168,5,1762,8
0,30.588236451149,65.546218487395,49.0196079015732,44.0740740740741,56,0,2,21.843346953392,96.551724137931,0,0,0.780119514092803,3.44827586206897,22.6234659552574,28.7128712871287,58,5,561,1
1,50.3496527671814,86.7469879518072,58.7412595748901,52.8662420382166,65,1,9,42.1286016702652,86.6666666666667,0.648132339119911,1.33333333333333,5.8331910520792,12,48.6099272966385,63.0252100840336,75,5,328,1
1,26.1410802602768,37.1681415929204,72.6141095161438,51.9142419601838,0,0,0,0,NA,0,NA,0,NA,39.8423135280609,0,168,5,888,6
1,42.7860707044601,69.3548387096774,63.1840825080872,55.6053811659193,121,1,2,53.3852279186249,96.031746031746,0.44120023958385,0.793650793650794,0.8824004791677,1.58730158730159,55.5912256240845,67.741935483871,126,4.5,460,2
1,50.174218416214,82.7586206896552,61.3240420818329,55.9485530546624,147,6,6,56.7073166370392,89.0909090909091,2.31458451598883,3.63636363636364,2.31458451598883,3.63636363636364,63.6510729789734,69.0376569037657,165,5,616,1
0,64.9606287479401,83.756345177665,87.007874250412,41.9148936170213,180,0,7,72.0177412033081,96.2566844919786,0,0,2.8006898239255,3.74331550802139,75.21852850914,59.7444089456869,188,5,538,2
0,29.2051762342453,66.9491525423729,44.3622916936874,34.8082595870207,159,1,152,41.8959468603134,50.6369426751592,0.263496534898877,0.318471337579618,40.0514721870422,48.4076433121019,85.6363713741302,60.5009633911368,325,5,804,3
0,47.2340434789658,90.2439024390244,59.1489374637604,44.5652173913043,78,3,48,39.9598687887192,57.3529411764706,1.53691796585917,2.20588235294118,24.5906874537468,35.2941176470588,76.3335943222046,66.9950738916256,149,5,444,2
1,87.5,84.4827586206897,100,59.1836734693878,31,3,4,48.9202678203583,81.5789473684211,4.73421923816204,7.89473684210526,6.31229281425476,10.5263157894737,59.966778755188,63.3333333333333,38,5,172,1
0,44.6096658706665,47.713717693837,94.7955369949341,63.3501259445844,188,51,102,39.9248123168945,52.3676880222841,10.8306676149368,14.2061281337047,21.6613352298737,28.4122562674095,82.8227519989014,62.652705061082,390,5,969,9
0,47.2222208976746,33.3333333333333,100,75.5555555555556,57,0,16,63.6515974998474,78.0821917808219,0,0,17.8671136498451,21.9178082191781,100,76.8421052631579,93,5,241,2
1,56.886225938797,81.1965811965812,71.856290102005,42.8571428571429,111,1,8,48.5715061426163,90.2439024390244,0.437581120058894,0.813008130081301,3.50064896047115,6.50406504065041,63.4492635726929,55.1569506726457,145,5,533,3
0,17.8683385252953,27.6699029126214,65.8307194709778,32.6984126984127,49,0,136,9.75876003503799,26.2032085561497,0,0,27.0855367183685,72.7272727272727,42.2215729951859,64.7058823529412,212,5,1080,12
1,48.9795923233032,80,61.224490404129,50.8474576271186,55,1,7,44.6218937635422,85.9375,0.811307225376368,1.5625,5.6791502982378,10.9375,57.6028108596802,64.6464646464647,71,5,272,2
1,32.1266978979111,58.1967213114754,57.0135772228241,46.5648854961832,265,2,190,37.1297359466553,56.1440677966102,0.28022441547364,0.423728813559322,26.6213208436966,40.2542372881356,68.234646320343,66.7609618104668,487,5,1534,1
1,30.4878056049347,66.6666666666667,47.5609749555588,34.7222222222222,52,2,8,29.3459743261337,61.1764705882353,1.12869134172797,2.35294117647059,4.51476536691189,9.41176470588235,47.9693800210953,56.2913907284768,85,5,349,3
1,40.5797094106674,90.3225806451613,46.3768124580383,32.6315789473684,68,0,0,36.5936905145645,83.9506172839506,0,0,0,0,46.8183964490891,52.258064516129,87,5,383,4
1,51.694917678833,91.044776119403,61.8644058704376,55.8333333333333,66,1,1,68.8198029994965,97.0588235294118,1.04272430762649,1.47058823529412,1.04272430762649,1.47058823529412,78.2043218612671,77.2727272727273,75,5,217,1
1,64.2857134342194,95.2380952380952,71.0714280605316,64.0677966101695,105,0,10,39.1825884580612,89.7435897435898,0,0,3.73167507350445,8.54700854700855,54.1092872619629,59.0909090909091,145,5,667,2
1,26.3829797506332,46.0966542750929,61.0638320446014,50.7547169811321,263,3,22,54.5185089111328,90.0684931506849,0.621884083375335,1.02739726027397,4.5604832470417,7.53424657534247,62.8102958202362,75.2577319587629,303,4.66666650772095,1100,3
0,50.717705488205,74.6478873239437,69.856458902359,64.8401826484018,131,9,4,63.4536683559418,86.7549668874172,4.35941219329834,5.96026490066225,1.93751659244299,2.64900662251656,78.4694194793701,79.8941798941799,162,4,319,2
1,32.6055318117142,71.3375796178344,50.8005797863007,54.2314335060449,222,0,66,32.8151345252991,75.5102040816327,0,0,9.7558505833149,22.4489795918367,50.7008612155914,57.421875,343,5,1369,7
1,28.9855062961578,63.953488372093,52.0421624183655,46.2365591397849,177,6,58,25.263711810112,70.5179282868526,0.856397021561861,2.39043824701195,8.27850475907326,23.1075697211155,35.8259439468384,43.4256055363322,251,5,1337,12
0,25.7383972406387,53.9823008849557,50.2109706401825,55.3921568627451,53,10,19,22.2786337137222,59.5505617977528,4.20351587235928,11.2359550561798,7.98668041825294,21.3483146067416,44.9776202440262,53.9393939393939,107,5,453,5
0,34.9896490573883,53.4810126582278,68.1159436702728,54.5768566493955,157,23,43,26.8371969461441,59.6958174904943,3.93156409263611,8.74524714828897,7.35031515359879,16.3498098859316,51.623147726059,64.3031784841076,302,4.80000019073486,1150,5
0,23.1441050767899,46.9026548672566,51.0917007923126,49.4169096209913,172,12,51,22.8839099407196,49.7109826589595,1.59655194729567,3.46820809248555,6.78534582257271,14.7398843930636,46.03391289711,62.2302158273381,346,5,1382,11
1,32.5248062610626,57.1705426356589,60.1984560489655,55.6034482758621,200,26,100,20.994958281517,56.0224089635854,2.72934455424547,7.28291316526611,10.4974791407585,28.0112044817927,40.8351927995682,45.8868894601542,389,5,2100,12
1,45.62146961689,74.5958429561201,64.4067823886871,51.2426035502959,223,16,49,30.6207597255707,67.9878048780488,2.19700504094362,4.8780487804878,6.72832801938057,14.9390243902439,50.2564907073975,53.160453808752,366,5,1716,10
1,31.7241370677948,56.441717791411,58.7931036949158,51.5822784810127,260,21,49,48.6931502819061,75.5813953488372,3.93290817737579,6.1046511627907,9.1767854988575,14.2441860465116,67.7958428859711,71.2215320910973,362,3.75,912,5
1,33.3716928958893,48.2529118136439,71.4614510536194,52.580927384077,480,90,78,52.645868062973,70.7964601769911,9.87109988927841,13.2743362831858,8.5549533367157,11.5044247787611,77.9816925525665,75.2497225305217,711,4,1637,6
0,27.811861038208,67.6616915422886,41.9222891330719,58.600583090379,162,18,13,35.8680218458176,79.4117647058823,3.98533567786217,8.82352941176471,2.87829805165529,6.37254901960784,45.1671361923218,73.6462093862816,204,4.33333349227905,766,11
1,52.2613048553467,53.0612244897959,99.4974851608276,60.1226993865031,143,8,47,59.3450486660004,71.5,3.32000255584717,4,19.5050150156021,23.5,87.9800736904144,76.0456273764259,212,4,386,9
0,34.249085187912,56.1561561561562,64.102566242218,59.2526690391459,285,26,22,49.3420869112015,79.608938547486,4.50138337910175,7.26256983240224,3.80886271595955,6.14525139664804,68.3863997459412,72.3232323232323,395,4.5,1029,4
1,17.9310351610184,32.7044025157233,55.1724135875702,50,36,0,139,11.26324608922,20.2247191011236,0,0,43.4886455535889,78.0898876404494,56.6290974617004,73.2510288065844,181,4,615,1
1,8.17402750253677,49.7991967871486,17.4027681350708,49.112426035503,183,45,20,12.8373861312866,66.5454545454545,3.15673425793648,16.3636363636364,1.40299294143915,7.27272727272727,19.7120517492294,73.3333333333333,281,4,2491,5
1,36.5644156932831,50.2529510961214,77.0552158355713,51.4756944444444,475,107,56,64.7714018821716,71.969696969697,14.590610563755,16.2121212121212,7.63620734214783,8.48484848484849,92.0435726642609,70.9677419354839,675,3.66666674613953,1325,5
1,31.9672137498856,72.8971962616822,46.7213124036789,45.531914893617,76,5,4,38.4706318378448,87.3563218390805,2.53096260130405,5.74712643678161,2.02476996928453,4.59770114942529,46.5697109699249,60.4166666666667,92,4,319,2
1,61.5789473056793,87.9699248120301,72.1052646636963,60.1809954751131,145,2,4,70.8129107952118,93.5483870967742,0.976729765534401,1.29032258064516,1.9534595310688,2.58064516129032,77.6500225067139,89.5953757225434,159,4.33333349227905,336,3
1,34.7290635108948,59.7457627118644,59.3596041202545,53.1531531531532,135,9,33,31.3207536935806,70.3125,2.0880501717329,4.6875,7.6561838388443,17.1875,50.3452122211456,53.4818941504178,217,4.5,743,4
1,19.7508901357651,38.6759581881533,95.0177907943726,55.5125725338491,377,2,0,79.3653070926666,99.2105263157895,0.421036081388593,0.526315789473684,0,0,83.3651483058929,88.1670533642691,396,5,1044,5
1,36.438924074173,86.6995073891626,44.4099366664886,53.5620052770449,361,8,0,38.3007913827896,95.5026455026455,0.84877097979188,2.11640211640212,0,0,44.6665734052658,67.0212765957447,421,5,1843,6
0,41.5094345808029,62.6016260162602,69.0026938915253,58.4323040380047,181,9,6,40.9282028675079,90.9547738693467,2.03510392457247,4.52261306532663,1.35673591867089,3.01507537688442,44.9984103441238,67.687074829932,199,5,796,6
1,46.0975617170334,89.1509433962264,53.9024412631989,48.512585812357,215,7,12,52.3683547973633,91.8803418803419,1.70501619577408,2.99145299145299,2.92288493365049,5.12820512820513,56.9962561130524,85.7142857142857,234,5,826,6
1,35.4203939437866,77.34375,53.8461565971375,44.7552447552448,139,6,9,23.9581063389778,84.7560975609756,1.03416284546256,3.65853658536585,1.55124431475997,5.48780487804878,28.2671183347702,35.8078602620087,164,5,1178,2
0,45.4954952001572,82.1138211382114,58.1081092357635,48.046875,105,2,1,43.5787677764893,94.5945945945946,0.830071792006493,1.8018018018018,0.415035896003246,0.900900900900901,48.5591977834702,60.989010989011,117,5,498,4
1,49.0566045045853,96.2962962962963,50.943398475647,46.9565217391304,57,0,0,47.8028804063797,98.2758620689655,0,0,0,0,48.6415296792984,65.9090909090909,58,5,268,3
1,31.1864405870438,51.685393258427,65.0847434997559,45.6410256410256,141,32,16,42.1879529953003,67.7884615384615,9.57457050681114,15.3846153846154,4.78728525340557,7.69230769230769,75.1005411148071,63.030303030303,251,5,693,2
1,1.0785635560751,42.2496570644719,2.59135402739048,60.4477611940298,722,217,66,1.3669079169631,68.5660018993352,0.410829670727253,20.6077872744539,0.124952802434564,6.26780626780627,2.14691627770662,73.0742539902845,1134,3,88205,7
0,17.2892212867737,36.4044943820225,49.4130194187164,50,198,1,125,24.0838229656219,59.1044776119403,0.12163546634838,0.298507462686567,15.2044340968132,37.3134328358209,43.0589556694031,46.5924895688456,354,5,1717,7
1,44.5196211338043,70.2991452991453,66.9824063777924,62.2340425531915,68,0,113,9.40409973263741,35.6020942408377,0,0,15.6274005770683,59.1623036649215,27.7974128723145,30.2215189873418,201,5,1495,3
1,42.399999499321,56.3829787234042,77.6000022888184,59.8726114649682,77,4,2,56.5828084945679,90.5882352941177,2.93936654925346,4.70588235294118,1.46968327462673,2.35294117647059,64.6660625934601,72.0338983050847,88,4,221,1
0,48.3870953321457,77.5862068965517,66.3978517055511,55.3699284009546,217,15,11,50.4050493240356,86.4541832669323,3.48422005772591,5.97609561752988,2.55509465932846,4.38247011952191,61.3222718238831,74.4807121661721,264,4.33333349227905,625,3
1,44.3786978721619,68.1818181818182,65.6804740428925,58.2010582010582,87,7,17,46.4751243591309,78.3783783783784,3.73937785625458,6.30630630630631,9.08134579658508,15.3153153153153,62.5010251998901,75.5102040816327,117,4,332,2
1,58.730161190033,79.8561151079137,73.5449731349945,56.734693877551,105,3,19,49.6849298477173,78.9473684210526,1.41956945881248,2.25563909774436,8.99060666561127,14.2857142857143,64.8270070552826,78.2352941176471,137,4.33333349227905,376,3
1,60.7843160629272,91.1764705882353,66.6666686534882,47.2222222222222,78,2,10,57.6257944107056,82.9787234042553,1.47758442908525,2.12765957446809,7.38792195916176,10.6382978723404,70.185261964798,75.8064516129032,95,4,307,2
1,55.8441579341888,87.7551020408163,64.069265127182,61.5062761506276,141,2,4,66.9146418571472,93.3774834437086,0.949143804609776,1.32450331125828,1.89828760921955,2.64900662251656,74.0332186222076,85.3107344632768,156,4.19999980926514,425,5
1,70.4081654548645,70.4081632653061,100,57.3099415204678,63,0,33,58.3880364894867,64.9484536082474,0,0,30.5842101573944,34.020618556701,90.8258378505707,75.78125,98,4.5,174,2
0,33.1797242164612,52.5547445255474,64.9769604206085,61.4349775784753,83,11,33,43.9576327800751,61.9402985074627,5.82571029663086,8.2089552238806,17.4771308898926,24.6268656716418,70.9677457809448,81.7073170731707,134,4,335,1
1,71.3513493537903,85.7142857142857,88.1081104278564,46.5256797583082,150,2,7,70.0466692447662,90.3614457831325,0.933955516666174,1.20481927710843,3.26884463429451,4.21686746987952,78.4522652626038,67.7551020408163,168,4.33333349227905,363,3
0,27.9220789670944,61.7224880382775,45.8874464035034,48.2678983833718,116,10,20,27.7773171663284,64.804469273743,2.39459630101919,5.58659217877095,4.78919260203838,11.1731843575419,50.7654428482056,46.9816272965879,212,5,796,2
1,38.965517282486,55.3921568627451,75.862067937851,63.75,50,99,34,16.5421232581139,27.1739130434783,32.7534019947052,53.804347826087,11.2486436963081,18.4782608695652,65.1759624481201,67.6470588235294,197,5,609,2
1,32.4921131134033,49.5192307692308,68.1388020515442,58.2633053221289,148,11,18,51.2751162052155,66.3677130044843,3.81098836660385,4.93273542600897,6.23616315424442,8.07174887892377,83.841747045517,79.3594306049822,242,4.75,585,4
1,35.438597202301,74.0831295843521,52.0467817783356,52.7061855670103,367,29,29,34.5269829034805,80.8370044052863,2.72829029709101,6.38766519823788,2.72829029709101,6.38766519823788,44.4052755832672,69.2073170731707,472,4.66666650772095,1854,13
1,63.5542154312134,84.0637450199203,77.4096369743347,48.6434108527132,262,8,4,71.1844563484192,90.6574394463668,2.17357128858566,2.7681660899654,1.08678564429283,1.3840830449827,78.5202622413635,63.7969094922737,289,4.5,688,7
0,43.6300188302994,63.7755102040816,72.251307964325,47.1720818291215,345,22,20,52.3023903369904,86.0349127182045,3.33522483706474,5.48628428927681,3.03202271461487,4.98753117206983,64.8852825164795,68.9003436426117,428,3.5,1172,6
1,18.5164213180542,39.3501805054152,48.4144955873489,57.9902302861131,438,214,29,26.8653690814972,61.5168539325843,13.1260022521019,30.0561797752809,1.77875738590956,4.07303370786517,44.7756141424179,78.8482834994463,730,3,2963,2
0,32.2834640741348,50.5003849114704,66.6338562965393,58.355795148248,747,307,50,38.1827920675278,62.9848229342327,15.6922578811646,25.885328836425,2.55574248731136,4.21585160202361,67.420482635498,70.8482676224612,1319,4.25,3921,5
1,50.2604186534882,55.1428571428571,96.875,64.1025641025641,266,32,18,93.8220739364624,79.8798798798799,11.2868659198284,9.60960960960961,6.34886175394058,5.40540540540541,100,80.6295399515738,348,4,559,2
0,35.1669937372208,57.3717948717949,62.4754428863525,56.0143626570916,277,38,16,54.727977514267,79.1428571428572,7.50780925154686,10.8571428571429,3.1611829996109,4.57142857142857,72.114485502243,81.5850815850816,365,4.33333349227905,952,3
1,41.1428570747375,57.3705179282869,79.1428565979004,63.7055837563452,154,0,69,46.9060450792313,67.84140969163,0,0,21.0163444280624,30.3964757709251,73.4049141407013,76.1744966442953,241,4.5,634,3
0,49.0000009536743,60.1226993865031,83.4999978542328,63.921568627451,95,24,11,40.6978160142899,69.3430656934307,10.281553119421,17.5182481751825,4.71237860620022,8.02919708029197,59.9757254123688,67.8217821782178,140,4,412,1
0,37.0731711387634,73.0769230769231,51.7073154449463,42.6229508196721,86,4,13,39.1039788722992,74.1379310344828,1.81878972798586,3.44827586206897,5.9110663831234,11.2068965517241,52.7449011802673,65.1685393258427,116,4.66666650772095,420,3
1,61.5894019603729,81.5789473684211,80.7947039604187,53.2710280373832,97,5,19,55.4786264896393,76.984126984127,2.85972319543362,3.96825396825397,10.8669474720955,15.0793650793651,72.0650196075439,78.2608695652174,126,5,352,1
1,28.7694960832596,47.2934472934473,62.9116117954254,55.188679245283,213,12,16,36.5711957216263,57.8804347826087,2.06034891307354,3.26086956521739,2.74713207036257,4.34782608695652,68.8499987125397,67.3992673992674,401,4.33333349227905,1128,5
1,35.7566773891449,71.301775147929,52.5222539901733,55.2287581699346,147,11,14,25.4812657833099,84.4827586206897,1.90676134079695,6.32183908045977,2.42678727954626,8.04597701149425,30.1614999771118,39.4557823129252,174,5,1194,4
1,34.592679142952,64.5374449339207,55.7260930538177,55.2311435523114,273,8,43,38.1661385297775,81.981981981982,1.11842164769769,2.4024024024024,6.01151622831821,12.9129129129129,51.3075947761536,55.8724832214765,367,5,1478,7
1,22.9395598173141,48.546511627907,52.0604372024536,49.2131616595136,101,0,194,13.6579796671867,30.1492537313433,0,0,26.2341380119324,57.910447761194,52.1978199481964,61.8081180811808,386,5,1536,4
0,24.157303571701,45.9541984732824,57.3033690452576,48.8441461595824,480,66,74,47.6060628890991,71.9640179910045,6.54583349823952,9.89505247376312,7.33926817774773,11.0944527736132,74.9795496463776,65.3921568627451,756,4.59999990463257,1973,5
0,46.8118190765381,80.4812834224599,59.8755836486816,52.0891364902507,253,23,38,35.2041572332382,76.2048192771084,3.20037789642811,6.92771084337349,5.28758093714714,11.4457831325301,60.2505922317505,61.0294117647059,433,4.2857141494751,1311,7
0,51.9230782985687,79.8816568047337,69.8076903820038,68.1451612903226,219,5,13,51.8912732601166,90.1234567901235,1.1847322806716,2.05761316872428,3.08030378073454,5.34979423868313,67.2927916049957,66.5753424657534,284,5,940,2
0,37.2093021869659,60.377358490566,63.9534890651703,43.0894308943089,50,1,8,45.2725887298584,81.9672131147541,0.905451737344265,1.63934426229508,7.24361389875412,13.1147540983607,58.8543653488159,61.6161616161616,65,4,244,1
1,33.37142765522,41.7142857142857,81.9428563117981,56.772100567721,293,25,267,29.3278485536575,47.1819645732689,2.50237621366978,4.02576489533011,26.7253786325455,42.9951690821256,63.1599724292755,71.0526315789474,631,3.33333325386047,1824,6
1,71.9298243522644,58.3629893238434,100,46.9899665551839,169,15,84,72.7591872215271,59.0909090909091,6.45791664719582,5.24475524475525,36.1643314361572,29.3706293706294,100,65.1480637813212,319,4.5,514,3
1,44.3681329488754,66.0531697341513,69.9175834655762,50.0511770726714,387,69,19,38.9641940593719,77.8672032193159,6.94710463285446,13.8832997987928,1.91297084093094,3.82293762575453,54.8720598220825,67.896174863388,545,3.5,1832,4
1,80.303031206131,100,83.3333313465118,60.2272727272727,57,0,0,73.2782363891602,100,0,0,0,0,73.2782363891602,91.9354838709677,57,5,132,1
0,37.1473342180252,66.2011173184357,57.6802492141724,53.5127055306427,265,1,92,41.7436689138412,72.6027397260274,0.157523283269256,0.273972602739726,14.49214220047,25.2054794520548,60.9615087509155,62.3931623931624,387,5,1082,9
1,38.5474860668182,71.5025906735751,56.7039132118225,50.9234828496042,160,6,10,41.021254658699,88.8888888888889,1.53829706832767,3.33333333333333,2.56382841616869,5.55555555555556,50.2510368824005,63.8297872340426,196,4.5,740,6
1,50,98.989898989899,52.5510191917419,40.2439024390244,94,0,25,36.8969410657883,77.6859504132231,0,0,9.81301665306091,20.6611570247934,52.9902875423431,63.0208333333333,135,5,437,4
1,36.5914791822433,68.5446009389671,53.6340832710266,51.4492753623188,166,1,28,43.1585818529129,83.8383838383838,0.259991455823183,0.505050505050505,7.27976113557816,14.1414141414141,57.7181041240692,59.8187311178248,222,4.75,739,4
1,31.0344815254211,90.6976744186046,35.543766617775,42.156862745098,152,0,5,39.1736209392548,96.8152866242038,0,0,1.28860594704747,3.18471337579618,47.4207013845444,68.2608695652174,184,4.75,629,4
1,56.1855673789978,74.1496598639456,85.5670094490051,56.7567567567568,115,2,12,45.4629868268967,80.9859154929577,0.79066064208746,1.40845070422535,4.74396385252476,8.45070422535211,64.4388437271118,69.2682926829268,163,5,477,2
1,60.7843160629272,73.8095238095238,84.3137264251709,56,40,3,1,69.6806311607361,90.9090909090909,5.22604733705521,6.81818181818182,1.7420157790184,2.27272727272727,76.6486942768097,65.6716417910448,44,5,103,2
1,66.4383590221405,96.039603960396,71.2328791618347,61.9631901840491,96,0,7,56.4295411109924,91.4285714285714,0,0,4.11465391516685,6.66666666666667,61.719810962677,73.943661971831,105,5,311,5
1,58.1395328044891,78.47533632287,77.4086356163025,63.5327635327635,175,16,4,56.2420010566711,85.3658536585366,5.14212548732758,7.80487804878049,1.28553137183189,1.95121951219512,67.811781167984,75.3676470588235,211,5,560,4
1,52.8634369373322,85.5106888361045,64.7577106952667,64.1768292682927,419,21,5,62.0742321014404,90.1075268817204,3.11111900955439,4.51612903225806,0.740742590278387,1.0752688172043,71.1112916469574,81.151832460733,480,3.75,1173,4
1,42.3255801200867,68.9393939393939,65.5813932418823,46.4788732394366,119,2,3,52.6706695556641,93.7007874015748,0.885221268981695,1.5748031496063,1.32783195003867,2.36220472440945,56.2115550041199,59.0697674418605,127,5,434,1
1,50,78.2051282051282,64.7540986537933,57.3529411764706,75,4,2,43.4023022651672,90.3614457831325,2.31478959321976,4.81927710843374,1.15739479660988,2.40963855421687,48.0318814516068,73.4513274336283,83,4,263,2
1,63.5964930057526,88.4146341463415,74.1228044033051,66.9387755102041,114,6,11,45.9432035684586,83.8235294117647,2.41806339472532,4.41176470588235,4.43311594426632,8.08823529411765,58.0335199832916,72.7272727272727,144,5,493,1
1,64.3229186534882,84.0136054421769,77.34375,65.1884700665188,215,5,5,63.0862653255463,94.2982456140351,1.46712251007557,2.19298245614035,1.46712251007557,2.19298245614035,66.9007837772369,61.6216216216216,228,4.40000009536743,750,5
0,45.2054798603058,73.8805970149254,62.5570774078369,53.3864541832669,136,2,2,54.9333095550537,95.7746478873239,0.807842798531055,1.40845070422535,0.807842798531055,1.40845070422535,58.9725196361542,63.677130044843,146,5,527,3
0,43.9597308635712,60.6481481481482,73.4899342060089,58.0645161290323,200,2,2,61.9467437267303,94.3396226415094,0.619467440992594,0.943396226415094,0.619467440992594,0.943396226415094,65.9732818603516,75.177304964539,213,5,684,5
0,39.6135270595551,80.3921568627451,52.5362312793732,47.1131639722864,402,7,12,56.1487555503845,91.5717539863326,0.977714639157057,1.59453302961276,1.67608223855495,2.73348519362187,61.3166749477386,67.3312883435583,439,5,1573,4
1,87.0229005813599,95.7983193277311,100,88.1481481481482,83,1,3,57.6168835163116,93.2584269662921,0.694179348647594,1.12359550561798,2.08253804594278,3.37078651685393,61.7819607257843,78.0701754385965,89,5,320,1
1,32.5183361768723,50.763358778626,64.0586793422699,57.3304157549234,164,23,87,39.699512720108,58.7813620071685,5.56761473417282,8.24372759856631,21.0601076483727,31.1827956989247,68.7479376792908,76.8595041322314,284,4.25,725,5
0,40.9790217876434,74.5547073791349,57.342654466629,51.5748031496063,264,16,87,36.0011458396912,70.026525198939,2.18188762664795,4.24403183023873,11.8640139698982,23.0769230769231,52.2289335727692,63.575042158516,383,5,1422,5
0,26.6457676887512,37.6106194690265,72.8840112686157,67.2619047619048,74,33,121,10.7437968254089,31.3559322033898,4.79115284979343,13.9830508474576,17.5675600767136,51.271186440678,34.264001250267,41.2587412587413,236,3.79999995231628,1248,5
1,24.5742097496986,41.7355371900826,60.827249288559,58.8807785888078,82,11,133,18.4821829199791,32.8,2.47931722551584,4.4,29.9771994352341,53.2,56.3481211662292,77.639751552795,250,4.66666650772095,926,3
1,17.0715689659119,37.2492836676218,47.734734416008,56.5640194489465,432,89,199,34.4252467155457,55.9585492227979,7.09223821759224,11.5284974093264,15.8579260110855,25.7772020725389,63.9098346233368,76.81592039801,802,3.88888883590698,2356,10
1,13.8279929757118,23.9067055393586,60.0337266921997,50.6646971935007,115,23,239,20.3287586569786,28.5359801488834,4.06575165688992,5.70719602977668,42.2484636306763,59.3052109181141,73.8906145095825,67.3913043478261,418,4.88888883590698,1139,11
1,17.6801800727844,25.12,72.8603601455688,62.0655412115194,203,28,342,27.991047501564,33.4983498349835,3.86083424091339,4.62046204620462,47.1573323011398,56.4356435643564,90.453827381134,65.301724137931,656,4.7857141494751,1408,14
0,31.0843378305435,37.9411764705882,85.1807236671448,62.7306273062731,242,2,475,32.1593761444092,32.8804347826087,0.265779951587319,0.271739130434783,63.1227433681488,64.5380434782609,100,80.0870511425462,763,3.5,1745,4
1,24.4952887296677,40.2654867256637,63.5262429714203,48.1876332622601,176,14,251,24.8797848820686,38.6813186813187,1.97907369583845,3.07692307692308,35.4819655418396,55.1648351648352,67.4298703670502,63.3704735376045,477,4.77777767181396,1540,13
1,26.7605632543564,40.4255319148936,67.136150598526,58.50622406639,48,7,64,21.2376952171326,36.6412213740458,3.09716388583183,5.34351145038168,28.3169269561768,48.8549618320611,59.7310185432434,77.9761904761905,135,4.33333349227905,460,7
0,30.2721083164215,52.6627218934911,58.6734712123871,58.9877835951134,243,17,90,35.8213633298874,64.2857142857143,2.50602141022682,4.4973544973545,13.2671713829041,23.8095238095238,55.7221233844757,74.703557312253,378,4.25,1270,13
0,30.8864265680313,44.5109780439122,71.1911380290985,66.6223404255319,233,29,217,30.7568371295929,46.6,3.82810421288013,5.8,28.6447793245316,43.4,68.2458579540253,73.4214390602056,517,4,1426,5
0,15.384615957737,37.0044052863436,43.7728941440582,51.5909090909091,75,1,176,15.7900884747505,28.5171102661597,0.210534525103867,0.380228136882129,37.0540767908096,66.9201520912547,57.4759244918823,73.463687150838,273,4.85714292526245,949,14
1,37.1584713459015,60.3550295857988,62.2950792312622,47.7401129943503,231,0,123,37.9391103982925,65.0704225352113,0,0,20.2013447880745,34.6478873239437,58.3046972751617,63.5062611806798,355,4.5,1112,11
1,35.9683781862259,61.4864864864865,58.4980249404907,43.7869822485207,94,0,86,32.3318302631378,52.2222222222222,0,0,29.5801848173141,47.7777777777778,65.6955301761627,67.6691729323308,191,4.33333349227905,494,4
1,39.9193555116653,47.1428571428571,86.2903237342834,48.4988452655889,130,0,109,51.6990661621094,54.1666666666667,0,0,43.3476775884628,45.4166666666667,100,66.8523676880223,256,4.66666650772095,467,4
0,22.1052631735802,28.9655172413793,79.7368407249451,71.2530712530713,136,18,100,34.5490008592606,50.5576208178439,4.57266196608543,6.69144981412639,25.4036784172058,37.1747211895911,73.1625914573669,82.0121951219512,288,4,747,4
0,25.464192032814,42.2907488986784,61.007958650589,58.0562659846547,122,6,99,31.8240523338318,51.9148936170213,1.5651173889637,2.5531914893617,25.824436545372,42.1276595744681,61.3004326820374,77.8145695364238,235,4.5,724,4
1,21.1956515908241,35.9447004608295,63.0434811115265,50.5827505827506,163,20,80,40.626785159111,61.9771863117871,4.98488172888756,7.60456273764259,19.9395269155502,30.4182509505703,70.7853198051453,78.5074626865672,284,4.5,835,6
1,20.6756755709648,40.4761904761905,53.6486506462097,51.4285714285714,305,17,103,42.7624493837357,68.8487584650113,2.38348077982664,3.83747178329571,14.4410893321037,23.2505643340858,68.7003254890442,71.6828478964401,490,4.33333349227905,1446,3
1,13.2963985204697,19.9170124481328,71.7451512813568,53.5555555555556,151,13,106,36.112904548645,51.7123287671233,3.10905799269676,4.45205479452055,25.3507792949677,36.3013698630137,72.4649667739868,76.8421052631579,303,3.79999995231628,804,6
1,14.1475215554237,22.117202268431,66.0217642784119,52.636815920398,289,60,181,39.1294538974762,50.4363001745201,8.12376216053963,10.4712041884817,24.5066836476326,31.5881326352531,84.4871282577515,70.6535141800247,624,4.2857141494751,1471,8
1,21.2097406387329,37.9213483146067,58.6802840232849,51.4079422382671,443,31,299,40.7679259777069,54.3558282208589,2.85283457487822,3.80368098159509,27.5160491466522,36.6871165644172,76.9345045089722,70.6851691240243,836,4.42857122421265,2385,9
1,48.126232624054,56.8764568764569,86.1932933330536,68.2034976152623,257,2,183,63.0142569541931,56.1135371179039,0.490383338183165,0.436681222707424,44.8700755834579,39.9563318777293,100,83.2727272727273,458,4.19999980926514,845,14
1,33.054393529892,44.1340782122905,75.3138065338135,84.8341232227488,72,0,65,37.8368943929672,52.1739130434783,0,0,34.1583073139191,47.1014492753623,73.0462253093719,87.8980891719745,139,4.5,452,2
0,45.3347980976105,54.7745358090186,82.8759610652924,74.1396263520157,297,0,345,36.6783410310745,46.2616822429907,0,0,42.6061540842056,53.7383177570093,80.642956495285,82.5192802056555,653,4.59999990463257,1728,4
1,37.3831778764725,75.4716981132076,52.336448431015,66.25,55,0,5,46.433237195015,91.6666666666667,0,0,4.22120317816734,8.33333333333333,50.6544411182404,77.9220779220779,60,5,306,3
1,2.08386704325676,29.1866028708134,7.3618583381176,55.659121171771,322,173,273,3.01911812275648,39.8514851485149,1.62207279354334,21.4108910891089,2.5596871972084,33.7871287128713,7.84783214330673,78.0676328502415,837,3.42857146263123,19776,7
0,36.6666674613953,58.3333333333333,64.4444465637207,58.3210603829161,319,52,44,55.0309658050537,73.8425925925926,8.9705653488636,12.037037037037,7.59047791361809,10.1851851851852,94.3634450435638,80.7476635514019,547,4,1114,7
1,30.2267014980316,48.4848484848485,63.4760677814484,56.0588901472254,310,36,135,43.6862111091614,59.8455598455598,5.07323741912842,6.94980694980695,19.0246403217316,26.0617760617761,74.8302519321442,76.9687964338782,531,4.66666650772095,1518,8
1,28.8303136825562,38.716814159292,75.9472787380219,61.4965986394558,258,94,113,42.270690202713,51.7034068136273,15.4009491205215,18.8376753507014,18.5139074921608,22.6452905811623,84.7052216529846,85.1535836177474,517,3.14285707473755,1216,7
0,19.9574247002602,53.4188034188034,38.3714735507965,53.6287242169595,423,9,291,23.2850089669228,57.8659370725034,0.495425704866648,1.2311901504788,16.0187646746635,39.8084815321477,40.9551918506622,73.9130434782609,744,4.85714292526245,3878,14
0,16.256158053875,45,39.408865571022,42.96875,73,8,133,12.5558391213417,32.7354260089686,1.37598225846887,3.58744394618834,22.8757053613663,59.6412556053812,45.0634211301804,55.0617283950617,262,4.73333311080933,1331,14
0,7.37065896391869,39.6946564885496,19.1176474094391,59.511641113004,506,135,303,9.31369438767433,51.1627906976744,2.48487908393145,13.6501516683519,5.57717271149158,30.6370070778564,18.7562346458435,72.3482077542063,1019,3.57142853736877,9859,8
1,21.5946838259697,40.625,53.6544859409332,62.1359223300971,111,5,177,19.5683807134628,37.5,0.881458632647991,1.68918918918919,31.2036365270615,59.7972972972973,52.8875172138214,82.4512534818942,300,4.66666650772095,1196,11
1,16.9642850756645,19.1919191919192,88.3928596973419,63.8709677419355,30,0,68,22.3321184515953,30.3030303030303,0,0,50.6194710731506,68.6868686868687,75.1847982406616,71.7391304347826,101,4.75,307,6
1,43.2786881923676,76.7441860465116,57.7049195766449,51.1904761904762,74,2,89,22.9962736368179,43.2748538011696,0.621520914137363,1.16959064327485,27.6576817035675,52.046783625731,55.0046026706696,76.3392857142857,177,5,748,8
0,34.5454543828964,18.3448275862069,195.844161510468,58.7044534412955,325,73,268,81.861424446106,45.5182072829132,18.387334048748,10.2240896358543,67.5041854381561,37.5350140056022,185.888397693634,74.9213011542497,738,3.75,744,6
1,26.9946813583374,50.4975124378109,55.1861703395844,59.4674556213018,167,28,96,29.3587505817413,56.4189189189189,4.92242500185966,9.45945945945946,16.8768867850304,32.4324324324324,54.498279094696,68.2027649769585,310,3.40000009536743,1233,6
1,19.2106783390045,38.9411764705882,50.6674408912659,52.2113022113022,402,135,294,29.5495092868805,46.9626168224299,9.92334261536598,15.7710280373832,21.6108351945877,34.3457943925234,65.9350991249084,69.4805194805195,897,3.75,2795,6
1,26.8767386674881,40.9604519774011,69.2307710647583,65.2534562211982,306,12,254,30.5413633584976,51.085141903172,1.19770048186183,2.00333889816361,25.3513276576996,42.4040066777963,62.2804284095764,74.2255266418835,624,4,2202,3
1,18.9031511545181,53.6423841059603,36.1726939678192,62.5258799171843,155,3,110,20.4485610127449,55.1601423487544,0.395778613165021,1.06761565836299,14.5118817687035,39.1459074733096,37.0712608098984,72.051282051282,281,4.16666650772095,1501,11
0,28.315132856369,52.8384279475983,54.7581911087036,60.5820105820106,361,54,80,25.5475997924805,65.045045045045,3.82152460515499,9.72972972972973,5.66151812672615,14.4144144144144,40.4090851545334,74.5967741935484,571,3.81818175315857,2832,13
0,62.8140687942505,79.1139240506329,80.9045255184174,58.7360594795539,133,1,19,63.2087290287018,85.2564102564102,0.475253630429506,0.641025641025641,9.02981832623482,12.1794871794872,76.0405778884888,95.7055214723926,160,5,424,1
0,18.9922481775284,36.8421052631579,52.9069781303406,55.6485355648536,122,0,152,28.1138807535172,44.5255474452555,0,0,35.0271284580231,55.4744525547445,63.3714497089386,78.735632183908,275,5,944,7
1,11.1566856503487,16.8525402726146,67.9245293140411,64.2515923566879,254,99,417,22.8038281202316,30.9756097560976,8.88810604810715,12.0731707317073,37.437778711319,50.8536585365854,76.8506944179535,77.2855796418473,856,4,1957,6
1,35.6182783842087,45.144804088586,79.4354856014252,69.0588235294118,349,94,113,52.2785127162933,61.5520282186949,14.0807464718819,16.5784832451499,16.9268548488617,19.9294532627866,89.8771047592163,84.7533632286996,600,3,1212,4
1,57.5242698192596,40.2376910016978,100,62,270,35,272,46.3613629341125,44.4078947368421,6.00980632007122,5.75657894736842,46.7047810554504,44.7368421052632,100,79.6854521625164,628,3.75,1148,7
1,28.1733751296997,36.8421052631579,76.7801880836487,63.1713554987212,147,36,66,47.4705636501312,56.1068702290076,11.6254441440105,13.7404580152672,21.313314139843,25.1908396946565,84.6073985099792,85.3420195439739,262,3,599,2
0,39.4957989454269,51.8382352941177,79.1316509246826,63.7749120750293,278,3,226,36.0802590847015,54.0856031128405,0.389355327934027,0.583657587548638,29.3314337730408,43.9688715953307,67.74782538414,77.9969650986343,522,4.57142877578735,1671,8
1,43.8474863767624,65.5440414507772,68.8041567802429,59.4761171032358,269,6,117,45.8698898553848,67.4185463659148,1.0231202468276,1.50375939849624,19.950844347477,29.3233082706767,69.060617685318,79.1666666666667,405,4,1148,5
0,32.7906966209412,42.4698795180723,78.3720910549164,64.4660194174757,151,2,191,36.6383522748947,41.7127071823204,0.485276198014617,0.552486187845304,46.3438779115677,52.7624309392265,89.7760987281799,82.4601366742597,370,4.45454549789429,866,14
1,23.9002928137779,57.1929824561403,41.7888551950455,46.7213114754098,227,1,98,34.0848326683044,68.1681681681682,0.150153448339552,0.3003003003003,14.7150382399559,29.4294294294294,52.703857421875,65.8102766798419,351,4.9375,1396,14
1,44.2804425954819,56.0747663551402,80.0738036632538,62.5730994152047,145,0,61,52.6549518108368,70.048309178744,0,0,22.151392698288,29.4685990338164,75.895756483078,77.2388059701492,209,4,559,2
1,33.9869290590286,37.956204379562,89.8692786693573,72.4867724867725,89,0,172,31.5637052059174,34.0996168582375,0,0,60.9995245933533,65.9003831417624,92.5632297992706,86.1386138613861,261,4.25,565,4
1,34.6534639596939,46.0526315789474,76.2376248836517,65.8008658008658,59,0,82,30.6878417730331,41.5492957746479,0,0,42.6508992910385,57.7464788732394,75.939404964447,69.9507389162562,146,4.7142858505249,419,8
1,46.1773693561554,51.5358361774744,89.9082541465759,65.1111111111111,153,1,140,49.1011887788773,51.5151515151515,0.320922792889178,0.336700336700337,44.9291914701462,47.1380471380471,95.3140735626221,84.6153846153846,297,5,645,7
1,1.04888053610921,27.807486631016,3.81227731704712,57.6567317574512,221,78,132,1.59489177167416,48.6784140969163,0.562903005629778,17.1806167400881,0.952605064958334,29.0748898678414,3.37741784751415,74.6710526315789,468,4,26526,7
1,11.4427857100964,16.3120567375887,71.9971597194672,57.5174825174825,288,63,528,21.8078166246414,31.2026002166847,4.77045960724354,6.82556879739978,39.9809956550598,57.204767063922,75.5701422691345,73.9583333333333,998,3.5,2940,6
0,10.2873027324677,30.6629834254144,34.1983318328857,49.0514905149051,172,15,214,14.7602096199989,41.4457831325301,1.28722758963704,3.6144578313253,18.3644458651543,51.566265060241,38.445195555687,68.4818481848185,448,4,2301,6
1,8.55756476521492,36.1266294227188,23.9964708685875,62.1527777777778,207,15,303,9.25615057349205,38.9830508474576,0.670735538005829,2.82485875706215,13.5488584637642,57.0621468926554,24.0123331546783,82.1981424148607,537,4,4399,6
1,18.7837839126587,33.5748792270531,57.0270299911499,57.4202496532594,180,24,187,34.6674829721451,44.0097799511002,4.62233126163483,5.8679706601467,36.0156625509262,45.721271393643,83.0093622207642,77.3156899810964,431,4.40000009536743,1078,5
0,7.81499221920967,15.8064516129032,50.8771955966949,57.7281191806331,88,7,208,15.9149765968323,28.3870967741935,1.26596400514245,2.25806451612903,37.6172184944153,67.0967741935484,59.5003128051758,76.3546798029557,329,4.5,1066,4
1,45.4054057598114,61.0909090909091,77.5675654411316,65.0118203309693,208,40,17,51.9624173641205,72.9824561403509,9.99277234077454,14.0350877192982,4.24692817032337,5.96491228070175,79.6923577785492,73.0769230769231,319,5,857,3
1,44.1747575998306,55.1515151515151,82.6456308364868,69.2549842602308,506,111,44,59.9770784378052,72.2857142857143,13.1570264697075,15.8571428571429,5.21539822220802,6.28571428571429,85.4614078998566,78.9177001127396,721,4.19999980926514,1585,5
1,57.6923072338104,73.6434108527132,82.7935218811035,71.0091743119266,305,14,19,66.3240849971771,83.7912087912088,3.04438434541225,3.84615384615385,4.13166433572769,5.21978021978022,91.7664408683777,74.1344195519348,422,4.25,900,4
1,32.568147778511,57.7608142493639,56.3845038414001,58.0502215657312,231,8,51,33.5710376501083,78.3050847457627,1.16263339295983,2.71186440677966,7.41178765892982,17.2881355932203,44.6160554885864,59.4758064516129,307,4.66666650772095,1411,6
1,36.4814817905426,76.3565891472868,51.111114025116,47.0802919708029,222,11,2,40.4537677764893,94.468085106383,2.00446601957083,4.68085106382979,0.364448362961411,0.851063829787234,43.0049061775208,48.9583333333333,236,4.5,1242,5
1,30.3462326526642,45.565749235474,68.8391029834747,62.763915547025,275,131,9,27.856382727623,61.9369369369369,13.2697686553001,29.5045045045045,0.911663472652435,2.02702702702703,54.3959200382233,53.4296028880866,537,5,1888,5
1,4.69250492751598,38.0025940337224,12.4919921159744,64.4648829431438,438,187,62,8.08148086071014,62.3931623931624,3.45031283795834,26.6381766381766,1.14395394921303,8.83190883190883,13.3768811821938,74.7603833865815,725,3.5,9953,2
0,31.6821455955505,64.9048625792812,54.2827665805817,45.2198852772467,514,61,40,56.3652396202087,76.9461077844311,6.68926015496254,9.13173652694611,4.38640005886555,5.98802395209581,77.3102998733521,74.8878923766816,705,4.5,2050,5
1,29.5190721750259,65.9259259259259,46.1857378482819,46.0750853242321,301,87,45,29.4832348823547,66.4459161147903,8.52173268795013,19.205298013245,4.40779253840446,9.93377483443709,45.5471903085709,51.2443438914027,465,4,2152,3
0,35.4838699102402,68.6502177068215,52.9632389545441,57.5125208681135,442,73,54,34.3457907438278,73.421926910299,5.67249469459057,12.1262458471761,4.1960921138525,8.97009966777409,49.7314631938934,58.4466019417476,640,4.57142877578735,2285,8
0,50.5928874015808,75.2941176470588,69.828724861145,58.0204778156997,367,32,81,48.5320031642914,73.991935483871,4.2316734790802,6.45161290322581,10.7114233076572,16.3306451612903,73.128604888916,65.0065530799476,553,4.75,1523,4
1,51.3888895511627,81.6176470588235,67.1296298503876,54.6184738955823,208,10,32,39.5528852939606,73.7588652482269,1.90158113837242,3.54609929078014,6.08505941927433,11.3475177304965,64.653754234314,61.7067833698031,340,5,1173,3
1,48.5113829374313,76.9444444444444,65.6742572784424,53.2544378698225,293,33,59,51.7714023590088,71.2895377128954,5.83090893924236,8.02919708029197,10.4249581694603,14.3552311435523,100,67.7100494233937,638,4.25,1062,4
1,34.8684221506119,61.7176128093159,57.8947365283966,50.5147058823529,567,118,42,44.0994143486023,74.9009247027741,9.17765572667122,15.5878467635403,3.26662324368954,5.54821664464993,60.8214139938354,62.5103220478943,782,4.5,2702,4
0,15.6507417559624,55.8823529411765,29.15980219841,54.7210300429184,406,94,48,22.7779135107994,71.3532513181019,5.27370423078537,16.5202108963093,2.69295535981655,8.43585237258348,33.6058378219604,73.5142118863049,599,4.33333349227905,3676,3
0,61.8485748767853,92.3641703377386,69.9115037918091,67.4257425742574,387,6,5,41.4065510034561,95.0859950859951,0.641962047666311,1.47420147420147,0.534968357533216,1.22850122850123,56.7066490650177,60.1181683899557,530,5,1975,4
1,32.307693362236,60.6498194945848,55.3846180438995,52.6615969581749,195,37,10,38.9299303293228,70.9090909090909,7.38670453429222,13.4545454545455,1.99640654027462,3.63636363636364,54.9011826515198,65.1658767772512,275,4.83333349227905,1049,6
1,36.9924813508987,68.7150837988827,63.1578922271729,49.3793103448276,232,101,3,38.8467729091644,66.8587896253602,16.9117420911789,29.1066282420749,0.50232894718647,0.864553314121038,63.7957751750946,64.4981412639405,381,4.80000019073486,1137,5
0,45.5249577760696,77.1137026239067,61.7039561271667,59.8603839441536,424,15,57,39.6797925233841,82.8125,1.40376621857285,2.9296875,5.33431172370911,11.1328125,49.9740779399872,54.876741693462,534,4.75,2126,8
0,42.8372740745544,68.2926829268293,66.3421392440796,58.419689119171,279,11,105,39.843624830246,68.0487804878049,1.57089568674564,2.68292682926829,14.9949118494987,25.609756097561,66.9772744178772,59.5065312046444,469,5,1416,14
1,49.0959674119949,78.270509977827,65.5076503753662,65.6477438136827,339,13,12,56.5640151500702,90.8847184986595,2.16912161558867,3.48525469168901,2.00226604938507,3.2171581769437,64.9067878723145,67.6950998185118,389,5,1317,7
1,51.7412960529327,64.7571606475716,82.6865673065186,54.8497267759563,457,27,149,46.2666571140289,69.1376701966717,2.73347850888968,4.08472012102874,15.0847524404526,22.5416036308623,72.2853243350983,57.0811744386874,714,4.69999980926514,1868,10
1,65.8359289169312,82.5520833333333,86.7082059383392,48.2715273412948,477,32,27,52.7921974658966,84.2756183745583,3.54161486029625,5.65371024734982,2.98823770135641,4.77031802120141,70.389598608017,43.0745814307458,636,5,1800,6
0,30.0242125988007,69.760900140647,44.1283285617828,66.9491525423729,411,66,50,27.6789426803589,74.8633879781421,4.44479361176491,12.0218579234973,3.36726792156696,9.10746812386157,38.5888904333115,63.3217993079585,573,4.5,2715,12
0,35.5010658502579,78.169014084507,49.3603408336639,52.014652014652,330,11,30,31.3901156187057,83.1234256926952,1.04633718729019,2.77078085642317,2.8536468744278,7.55667506297229,41.8534874916077,62.9160063391442,440,5,2101,2
0,39.3246173858643,60.3678929765886,66.9934630393982,55.5762081784387,389,84,44,44.9387043714523,68.9716312056738,9.70398783683777,14.8936170212766,5.08304126560688,7.80141843971631,69.7762906551361,65.6577415599534,604,4,1697,5
1,35.0993365049362,55.7894736842105,68.8741743564606,52.2696011004127,252,18,59,62.6395106315613,71.1864406779661,4.47425097227097,5.08474576271187,14.6656006574631,16.6666666666667,100,55.1401869158878,425,4.66666650772095,1108,14
1,42.8124994039536,64.9289099526066,69.6874976158142,62.0588235294118,150,6,13,87.7812802791595,84.2696629213483,3.51125113666058,3.37078651685393,7.60771110653877,7.30337078651685,100,59.7315436241611,209,5,347,2
1,33.7271749973297,54.6086956521739,62.8356635570526,62.5,360,133,70,40.6752020120621,63.4920634920635,15.0272265076637,23.4567901234568,7.90906697511673,12.3456790123457,65.1933073997498,85.1351351351351,577,4,1611,4
0,42.3220962285995,77.5300171526587,62.0786488056183,51.4563106796116,361,40,35,35.1523458957672,80.2222222222222,3.89499701559544,8.88888888888889,3.40812243521214,7.77777777777778,46.6425865888596,54.1516245487365,479,4.90909099578857,1973,11
0,2.94193997979164,45.5764075067024,6.64532333612442,60.650406504065,477,253,30,4.32490222156048,59.4022415940224,2.2939208894968,31.5068493150685,0.272006425075233,3.7359900373599,7.6071135699749,82.2745901639344,839,3,19804,2
1,50.4065036773682,70.4545454545455,73.4959363937378,70.2875399361022,398,40,13,69.0003156661987,86.8995633187773,6.934704631567,8.73362445414847,2.25377902388573,2.83842794759825,84.2566668987274,83.424408014572,486,3.5,1064,2
1,27.6923090219498,63.8297872340426,57.8461527824402,53.4090909090909,81,1,42,27.0856231451035,64.8,0.334390392526984,0.8,14.0443965792656,33.6,41.7988002300262,60.0961538461538,125,5,641,2
1,51.9587635993958,65.625,82.5773179531097,64.6464646464647,539,111,28,58.2745373249054,76.2376237623762,12.0008789002895,15.7001414427157,3.02724856883287,3.96039603960396,80.9789001941681,79.706877113867,749,4.25,1767,4
0,3.88146415352821,40.4358353510896,9.75014492869377,52.3779327837666,426,167,219,5.3730446845293,51.0791366906475,2.10633426904678,20.0239808153477,2.7621990069747,26.2589928057554,10.7587017118931,68.8118811881188,853,4.40000009536743,16028,5
1,28.0295044183731,48.8970588235294,62.1707081794739,56.0824742268041,252,39,30,29.0051251649857,57.6659038901602,4.48888838291168,8.92448512585812,3.4529909491539,6.8649885583524,66.4125263690948,58.6577181208054,577,4.5,1891,4
0,21.8045115470886,61.4406779661017,36.7418557405472,57.985257985258,512,27,94,24.9699011445045,79.7507788161994,1.31677212193608,4.20560747663551,4.58431802690029,14.6417445482866,33.9434593915939,64.7830474268416,696,4.83333349227905,4490,3
1,48.9186406135559,73.98753894081,68.8980460166931,65.5102040816327,456,13,5,55.9079051017761,94.2148760330578,1.59386564046144,2.68595041322314,0.613025249913335,1.03305785123967,65.225887298584,69.3409742120344,532,5,1581,5
1,64.0102803707123,75.9146341463415,89.2030835151672,72.7272727272727,224,21,29,64.7466480731964,78.0487804878049,6.06999807059765,7.31707317073171,8.38237851858139,10.1045296167247,91.6280686855316,79.9442896935933,317,5,706,3
1,35.6243938207626,56.7026194144838,65.8276855945587,54.5378151260504,314,36,156,32.8036963939667,51.3071895424837,3.76093350350857,5.88235294117647,16.2973776459694,25.4901960784314,72.3979651927948,61.631419939577,693,5,1960,14
0,30.0415813922882,59.9585062240664,51.663202047348,55.3386911595867,238,27,181,26.6846865415573,50.210970464135,3.02725434303284,5.69620253164557,20.293815433979,38.1856540084388,59.3117594718933,69.7058823529412,529,5,1732,14
1,54.045307636261,87.434554973822,62.7831697463989,58.2317073170732,143,34,1,51.9220113754272,77.7173913043478,12.3450934886932,18.4782608695652,0.363090983591974,0.543478260869565,67.171835899353,77.3109243697479,185,4,656,1
1,39.9141639471054,80.5194805194805,52.7897000312805,46.4788732394366,96,36,1,23.0229899287224,63.5761589403974,8.63362103700638,23.841059602649,0.239822803996503,0.662251655629139,42.4486368894577,41.7127071823204,177,5,860,2
1,33.1801474094391,56.4945226917058,66.0845577716827,58.1437670609645,245,22,14,27.229830622673,75.1533742331288,2.44512762874365,6.74846625766871,1.55599033460021,4.29447852760736,43.4565871953964,43.5828877005348,391,5,1924,6
1,2.90732886642218,52.060737527115,5.70563301444054,41.3452914798206,347,83,99,4.53107766807079,63.436928702011,1.08380243182182,15.1736745886654,1.29272816702724,18.0987202925046,8.17422047257423,64.2773207990599,626,4,15480,2
0,40.2150541543961,62.3333333333333,67.9569900035858,65.7894736842105,161,34,30,37.5870645046234,66.2551440329218,7.93764069676399,13.9917695473251,7.00380057096481,12.3456790123457,63.2676661014557,66.9421487603306,271,4.33333349227905,942,13
1,27.5076001882553,44.8019801980198,66.4133727550507,57.1428571428571,294,40,57,51.4446496963501,70.1670644391408,6.999272108078,9.54653937947494,9.97396260499954,13.6038186157518,81.3665390014648,71.6239316239316,465,4.42857122421265,1141,7
1,58.9263439178467,64.3929058663029,95.8801507949829,64.0174672489083,608,95,27,74.6085941791534,78.0487804878049,11.6575926542282,12.1951219512195,3.31321060657501,3.46598202824133,100,76.1485826001955,827,4.90000009536743,1536,12
1,20.3803226351738,59.9027946537059,37.0400995016098,59.6376811594203,355,68,77,16.2688106298447,69.0661478599222,3.11627928167582,13.2295719844358,3.52872796356678,14.9805447470817,27.1757900714874,46.3898916967509,593,4.48000001907349,4751,14
1,31.6602319478989,52.3961661341853,62.3552143573761,66.7377398720682,366,69,215,35.5177015066147,53.9027982326951,6.69595971703529,10.1620029455081,20.8642229437828,31.6642120765832,66.9596016407013,79.2298716452742,690,4.625,2070,8
1,36.2952828407288,60,63.0211889743805,64.3636363636364,361,12,119,31.7326247692108,65.9963436928702,1.05482414364815,2.19378427787934,10.460339486599,21.7550274223035,51.0710656642914,62.3717217787913,581,4.86666679382324,2390,14
1,44.7093904018402,71.5990453460621,64.9776458740234,65.7770800627943,286,19,39,46.0232347249985,79.8882681564246,3.05748749524355,5.3072625698324,6.27589523792267,10.8938547486034,58.7359428405762,73.5112936344969,365,5,1284,6
1,36.3157898187637,68.0921052631579,54.912281036377,58.6872586872587,66,18,55,13.1672590970993,45.8333333333333,3.59107069671154,12.5,10.9727159142494,38.1944444444444,28.7285655736923,44.5820433436532,144,4.59999990463257,1098,14
0,48.2857137918472,70.2216066481994,71.2380945682526,62.1877691645133,546,74,49,47.2431927919388,78,6.40292316675186,10.5714285714286,4.23977375030518,7,65.6732261180878,72.9166666666667,759,4.7142858505249,2399,9
1,25.2589643001556,73.3796296296296,37.3705178499222,42.814667988107,166,102,86,16.3717925548553,44.8648648648649,10.0597761571407,27.5675675675676,8.48177224397659,23.2432432432432,47.9318767786026,50.2035278154681,486,5,2239,6
1,21.4353606104851,51.0180995475113,43.393537402153,61.0497237569061,558,93,137,28.115701675415,67.8007290400972,4.68595027923584,11.3001215066829,6.90295919775963,16.6464155528554,43.43321621418,78.0834914611006,862,3.83333325386047,3980,6
1,39.6480321884155,83.8074398249453,53.9337456226349,51.2331838565022,200,76,21,22.2274452447891,60.9756097560976,8.44642966985703,23.1707317073171,2.33388189226389,6.40243902439024,41.8987363576889,59.963436928702,377,5,1877,4
1,41.071429848671,68.3783783783784,61.8506491184235,61.8729096989967,304,11,17,55.0044417381287,89.6755162241888,1.99029222130775,3.24483775811209,3.07590626180172,5.01474926253687,61.8799984455109,67.8,342,4.83333349227905,956,8
1,38.391700387001,77.0833333333333,50.9727597236633,61.8357487922705,252,14,62,38.4071469306946,74.3362831858407,2.1337304264307,4.12979351032448,9.44937765598297,18.2890855457227,54.2577147483826,67.6646706586826,356,5,1338,11
1,45.1167732477188,74.430823117338,64.8619949817657,61.0695187165775,289,6,94,35.7016563415527,72.069825436409,0.741210859268904,1.49625935162095,11.6123035550117,23.4413965087282,58.6791932582855,60.8497723823976,475,5,1698,8
1,33.5866272449493,65.3846153846154,53.6474168300629,64.6271510516252,235,88,10,43.1069165468216,67.3352435530086,16.142164170742,25.214899713467,1.83433685451746,2.86532951289398,70.6219673156738,77.0419426048565,385,4,1016,4
0,5.73391057550907,35.9550561797753,16.6492462158203,68.947708198838,559,141,18,9.11719724535942,73.2634338138925,2.29968652129173,18.4796854521625,0.293576996773481,2.35910878112713,12.9336982965469,79.4791666666667,793,3.25,11084,10
1,31.2390923500061,49.9302649930265,66.4048850536346,58.2926829268293,610,46,42,57.5088083744049,84.958217270195,4.33673001825809,6.4066852367688,3.95962297916412,5.84958217270195,70.8961069583893,74.2502585315409,752,4.19999980926514,1945,13
1,36.2225085496902,56.1122244488978,66.7529106140137,58.8443396226415,376,26,30,53.2324910163879,82.6373626373626,3.68097014725208,5.71428571428571,4.24727313220501,6.59340659340659,68.8058257102966,71.09375,486,4.66666650772095,1394,10
0,40.0000005960464,61.2419700214133,66.713285446167,70.9726443768997,326,3,6,49.0315526723862,95.6011730205279,0.451210606843233,0.879765395894428,0.902421213686466,1.75953079178886,57.9053580760956,66.4717348927875,385,4.42857122421265,1339,7
1,47.4103599786758,56.1320754716981,87.1513962745667,67.3550436854647,601,46,88,60.3750646114349,80.0266311584554,4.62105311453342,6.12516644474035,8.84027555584908,11.7177097203728,77.6537895202637,76.4765784114053,773,4.66666650772095,2029,9
1,46.2585031986237,70.8333333333333,67.1201825141907,64.2857142857143,220,4,35,50.3803491592407,84.2911877394636,0.916006322950125,1.53256704980843,8.01505520939827,13.4099616858238,62.0594263076782,76.9911504424779,271,5,919,6
1,42.0634925365448,54.0816326530612,84.5238089561462,66.8941979522184,563,18,16,59.2140138149261,91.3961038961039,1.8931657075882,2.92207792207792,1.68281402438879,2.5974025974026,67.8384363651276,80.5228758169935,645,4,1833,7
1,56.77530169487,71.8004338394794,80.7890236377716,57.1960297766749,394,3,33,53.4184992313385,91.415313225058,0.406739814206958,0.696055684454756,4.47413809597492,7.65661252900232,59.5195949077606,69.5161290322581,439,4.33333349227905,1680,14
0,28.3216774463654,44.1818181818182,67.0163154602051,59.2034445640474,321,79,6,39.1310900449753,58.7912087912088,9.63039249181747,14.4688644688645,0.731422239914536,1.0989010989011,70.5822467803955,74.1847826086957,579,4,1619,7
1,42.6763117313385,69.0058479532164,64.0144646167755,55.3398058252427,386,3,0,67.2011137008667,97.2292191435768,0.522288447245955,0.755667506297229,0,0,72.9462862014771,72.9779411764706,419,4.875,1331,9
1,34.0909093618393,56.0165975103734,64.0151500701904,61.5581098339719,466,15,0,62.2421681880951,94.908350305499,2.00350321829319,3.05498981670061,0,0,65.581339597702,77.567140600316,491,4.75,1676,9
1,30.2504807710648,52.3333333333333,61.4643573760986,59.0551181102362,286,8,4,50.5318403244019,83.3819241982507,1.41347805038095,2.33236151603499,0.706739025190473,1.16618075801749,63.6065125465393,78.310502283105,360,5,1287,9
1,29.0598303079605,52.4229074889868,59.5848619937897,46.6598150051387,227,146,29,27.9016941785812,54.5673076923077,17.9455831646919,35.0961538461538,3.56453359127045,6.97115384615385,57.0325374603271,54.664914586071,464,3.5,1628,2
1,36.9888484477997,52.9255319148936,79.7397792339325,46.5346534653465,372,19,9,49.0354180335999,88.5714285714286,2.50449702143669,4.52380952380952,1.18634076789021,2.14285714285714,64.1942143440247,65.625,487,3.75,1477,4
0,34.8877370357513,54.0106951871658,67.7029371261597,56.6666666666667,276,93,6,46.3204801082611,71.875,15.607987344265,24.21875,1.00696692243218,1.5625,70.1520323753357,73.4225621414914,418,4,1196,6
0,42.324560880661,65.4237288135593,69.0789461135864,53.5390199637024,562,43,9,64.5559370517731,86.8624420401855,4.93933334946632,6.64605873261206,1.03381397202611,1.39103554868624,84.7727417945862,74.7976878612717,738,4.75,1907,4
1,59.649121761322,73.9130434782609,83.6257338523865,72.6315789473684,121,7,4,76.0934472084045,90.2985074626866,4.40210029482841,5.22388059701492,2.51548588275909,2.98507462686567,84.2687785625458,81.2121212121212,134,4.75,311,7
1,12.0481930673122,26.0869565217391,48.5943764448166,78.2312925170068,63,14,37,25.7267892360687,53.3898305084746,5.7170644402504,11.864406779661,15.109384059906,31.3559322033898,50.2284944057465,89.3939393939394,123,5,535,4
1,62.5,58.5585585585586,100,74.496644295302,69,10,11,60.8630001544952,75.8241758241758,8.82072448730469,10.989010989011,9.70279723405838,12.0879120879121,82.0327401161194,69.4656488549618,93,5,242,6
1,51.3307988643646,58.1896551724138,90.4942989349365,73.186119873817,130,45,6,46.3582992553711,70.6521739130435,16.047103703022,24.4565217391304,2.13961377739906,3.26086956521739,73.8166749477386,71.3178294573643,207,4,515,1
0,16.4342626929283,28.448275862069,59.6613526344299,59.0030518819939,411,79,53,45.7154363393784,71.7277486910995,8.78715217113495,13.7870855148342,5.89517802000046,9.24956369982548,63.7346625328064,69.2028985507246,573,3.5,1674,3
0,14.4694536924362,30.1003344481605,52.7331173419952,43.3333333333333,197,129,12,26.8024057149887,52.5333333333333,17.5508141517639,34.4,1.63263380527496,3.2,56.053763628006,56.1377245508982,412,4.38888883590698,1342,14
1,23.9999994635582,27.6422764227642,89.8823499679565,47.7360931435964,265,114,11,60.1741373538971,60.0907029478458,25.8862346410751,25.8503401360544,2.4977944791317,2.49433106575964,100,67.8461538461538,454,4.33333349227905,898,4
1,20.8469048142433,37.8698224852071,56.0260593891144,53.3965244865719,178,105,9,30.3821742534637,59.3333333333333,17.922069132328,35,1.53617737814784,3,52.5714039802551,60.6060606060606,308,4,1081,2
1,56.3380300998688,72.7272727272727,81.6901385784149,75.3424657534247,82,2,0,58.717006444931,96.4705882352941,1.43212210386992,2.35294117647059,0,0,61.5812540054321,88.5416666666667,86,4,238,1
0,51.6129016876221,58.9473684210526,96.7741906642914,73.0769230769231,156,6,2,64.8093819618225,95.1219512195122,2.49266866594553,3.65853658536585,0.830889493227005,1.21951219512195,68.1329429149628,76.2790697674419,164,4,425,2
1,27.5310844182968,42.2343324250681,67.1403169631958,67.0932358318099,221,35,14,45.6737756729126,79.2114695340502,7.2334036231041,12.5448028673835,2.89336144924164,5.01792114695341,62.620609998703,64.2857142857143,303,4.66666650772095,956,10
1,116.835701465607,57.9476861167002,205.476665496826,64.5035691109669,603,165,35,134.960794448853,73.5365853658537,36.9295686483383,20.1219512195122,7.83354490995407,4.26829268292683,188.676524162292,70.5073086844368,843,4.25,826,7
1,27.5245755910873,44.5730824891462,68.1858777999878,57.2493786246893,517,98,19,42.8885519504547,78.4522003034901,8.12974497675896,14.8710166919575,1.57617498189211,2.88315629742033,55.7468235492706,66.7679837892604,672,4.85714292526245,2429,14
1,21.2121218442917,31.8761384335155,71.757572889328,62.9587155963303,322,16,74,46.2091475725174,76.4845605700713,2.29610670357943,3.80047505938242,10.619493573904,17.5771971496437,66.5870904922485,63.3082706766917,464,5,1409,12
1,6.73845112323761,33.5640138408304,21.8825981020927,57.684630738523,420,68,29,13.1508827209473,78.2122905027933,2.12919060140848,12.6629422718808,0.908037181943655,5.40037243947858,17.7223801612854,64.6209386281588,566,4.73333311080933,5669,14
1,27.9556661844254,53.5377358490566,57.3891639709473,54.7803617571059,235,11,183,31.8381190299988,52.5727069351231,1.49029493331909,2.46085011185682,24.7930884361267,40.9395973154362,64.6246075630188,67.420814479638,477,4.46153831481934,1403,14
1,115.277779102325,52.5316455696203,252.777767181396,51.4657980456026,117,7,22,164.226055145264,78.5234899328859,9.82549041509628,4.69798657718121,30.8801144361496,14.7651006711409,230.197215080261,61.8257261410788,164,5,165,4
1,42.1875,64.8,70.1388895511627,64.2123287671233,186,8,139,31.5743744373322,55.0295857988166,1.35803762823343,2.36686390532544,23.595903813839,41.1242603550296,57.3770880699158,73.1601731601732,338,4,1081,2
1,56.3333332538605,71.6101694915254,81.9999992847443,76.1290322580645,178,32,5,64.3849015235901,81.2785388127854,11.5748137235641,14.6118721461187,1.80856473743916,2.28310502283105,81.3854098320007,87.2509960159363,225,5,612,3
0,35.2272719144821,52.0671834625323,69.9300706386566,67.7758318739054,463,75,32,39.2126142978668,79.8275862068966,6.35193511843681,12.9310344827586,2.71015912294388,5.51724137931035,55.3888738155365,61.4406779661017,654,4.57142877578735,2241,9
0,18.8622757792473,32.8125,61.3772451877594,64.4295302013423,129,11,39,47.0889151096344,70.1086956521739,4.01533357799053,5.97826086956522,14.2361834645271,21.195652173913,70.4508543014526,73.015873015873,193,5,525,5
1,44.3010747432709,58.8571428571429,76.9892454147339,73.5294117647059,313,42,7,72.1916913986206,84.5945945945946,9.68706384301186,11.3513513513514,1.61451064050198,1.89189189189189,95.0254857540131,86.8544600938967,412,5,893,8
0,41.818180680275,53.4883720930233,80.0000011920929,59.7222222222222,43,7,1,64.3496453762054,82.6923076923077,10.4755237698555,13.4615384615385,1.49650340899825,1.92307692307692,83.804190158844,86.6666666666667,56,5,130,1
1,52.0979046821594,90.8536585365854,61.5384638309479,50.9316770186335,147,4,6,56.0973584651947,93.6305732484076,1.5264586545527,2.54777070063694,2.28968802839518,3.82165605095541,59.9135041236877,59.469696969697,157,5,566,4
1,44.9275374412537,80.5194805194805,60.1449251174927,48.125,74,3,0,55.7897806167603,94.8717948717949,2.26174797862768,3.84615384615385,0,0,61.8211090564728,61.9047619047619,82,4,297,1
0,5.78975453972816,34.775641025641,17.0757740736008,57.8849721706865,323,165,135,8.37952196598053,51.188589540412,4.28056083619595,26.148969889065,3.50227691233158,21.3946117274168,16.8628141283989,67.3425827107791,650,3.5,6576,2
0,55.323588848114,52.5793650793651,100,62.7646326276463,579,173,16,66.4184331893921,73.1060606060606,19.8452308773994,21.8434343434343,1.8353970721364,2.02020202020202,96.128922700882,64.0776699029126,838,4,1876,3
0,43.2926833629608,75.531914893617,58.5365831851959,67.6258992805755,47,10,3,33.8192671537399,73.4375,7.19558894634247,15.625,2.15867664664984,4.6875,46.0517704486847,73.5632183908046,64,4,261,1
0,36.2666666507721,50.3703703703704,73.0666637420654,70.6806282722513,151,52,8,43.4508472681046,68.6363636363636,14.9632066488266,23.6363636363636,2.30203159153461,3.63636363636364,72.5139975547791,70.9677419354839,252,4.75,669,6
1,40.8284038305283,46.9387755102041,92.8994059562683,65.0442477876106,113,35,3,49.855250120163,72.9032258064516,15.4418915510178,22.5806451612903,1.32359070703387,1.93548387096774,78.9742469787598,70.7762557077626,179,4.25,421,6
1,31.7129641771317,47.9020979020979,66.2037014961243,65.1480637813212,146,61,4,33.108788728714,64.6017699115044,13.8331234455109,26.9911504424779,0.907090120017529,1.76991150442478,54.4254064559937,70.625,240,4,862,2
0,40.2439028024673,52.1052631578947,80.0813019275665,64.8464163822526,122,38,1,47.8757321834564,75.7763975155279,14.9121135473251,23.6024844720497,0.392424035817385,0.62111801242236,65.1423871517181,69.0987124463519,166,4.66666650772095,509,6
0,28.9447247982025,42.8571428571429,69.7487413883209,61.8215271389144,282,57,150,30.6770324707031,57.2008113590264,6.20067678391933,11.5618661257606,16.3175702095032,30.4259634888438,56.7851483821869,55.0837988826816,522,4.40000009536743,1778,5
1,22.5988700985909,37.7358490566038,62.8531098365784,53.1994981179423,395,10,8,47.4783778190613,94.272076372315,1.20198428630829,2.38663484486873,0.961587391793728,1.90930787589499,52.5267124176025,62.9129129129129,437,4.66666650772095,1544,6
1,29.589632153511,41.3897280966767,71.4902818202972,60.4014598540146,262,29,14,55.7639539241791,85.0649350649351,6.17234632372856,9.41558441558442,2.97975335270166,4.54545454545455,66.6187703609467,73.5083532219571,313,4.66666650772095,779,5
1,40.3428584337234,59.2281879194631,69.9428558349609,61.7616580310881,421,52,32,52.1795928478241,81.5891472868217,6.4449854195118,10.077519379845,3.96614484488964,6.2015503875969,65.5653357505798,67.1001300390117,529,4.75,1497,4
0,55.0898194313049,68.1481481481482,83.2335352897644,70.3125,107,10,1,60.4634940624237,89.9159663865546,5.65079376101494,8.40336134453782,0.565079366788268,0.840336134453782,68.9396798610687,77.2727272727273,122,4.75,360,4
0,61.5384638309479,75.8620689655172,83.9160859584808,63.7362637362637,86,5,5,52.5981783866882,89.5833333333333,3.0580336228013,5.20833333333333,3.0580336228013,5.20833333333333,58.7142467498779,65.3061224489796,96,5,348,5
0,57.9999983310699,71.6049382716049,81.0000002384186,65.8536585365854,66,10,0,60.8379900455475,85.7142857142857,9.21787694096565,12.987012987013,0,0,70.9776520729065,74.0384615384615,77,4,179,1
1,43.1372553110123,61.1111111111111,74.3137240409851,57.5079872204473,309,49,15,52.2292852401733,77.6381909547739,8.2823134958744,12.3115577889447,2.53540221601725,3.76884422110553,73.5266625881195,73.1617647058823,435,4.5,1010,3
1,0.741003733128309,42.1422300263389,1.78458411246538,55.8607160372732,412,141,43,0.657662050798535,66.9918699186992,0.225073657929897,22.9268292682927,0.0686394865624607,6.99186991869919,1.00085949525237,72.7810650887574,627,3,102322,2
0,41.4285719394684,59.1836734693878,71.9047605991364,72.7722772277228,121,5,0,78.6203980445862,93.0769230769231,3.24877686798573,3.84615384615385,0,0,91.615504026413,65.989847715736,141,5,390,7
1,67.5757586956024,37.0431893687708,187.57575750351,58.9618021547502,320,136,27,97.4069535732269,63.2411067193676,41.3979560136795,26.8774703557312,8.21871161460876,5.33596837944664,161.939060688019,65.4592496765847,532,4.5,619,14
1,15.2260109782219,52.4590163934426,30.9278339147568,64.2105263157895,284,67,22,23.4414637088776,74.7368421052632,5.53020462393761,17.6315789473684,1.81588809937239,5.78947368421053,31.3653409481049,76.4587525150905,380,4.61538457870483,1989,14
1,11.8881121277809,28.8135593220339,43.0769234895706,64.5514223194748,158,81,28,25.0747948884964,58.7360594795539,12.8547996282578,30.1115241635688,4.44363430142403,10.4089219330855,42.6906287670135,79.8219584569733,269,4.66666650772095,1086,6
1,13.3171916007996,16.9753086419753,79.6610176563263,66.5297741273101,142,152,20,32.3356479406357,44.794952681388,34.6128046512604,47.9495268138801,4.55431640148163,6.30914826498423,73.5522091388702,77.1289537712895,323,4.66666650772095,738,6
1,20.5588817596436,32.9073482428115,64.0718579292297,59.8470363288719,189,85,12,37.2473746538162,63.4228187919463,16.7514637112617,28.5234899328859,2.3649126291275,4.02684563758389,60.896497964859,70.2830188679245,309,4.66666650772095,827,6
0,26.1658042669296,30.8868501529052,87.5647664070129,67.8423236514523,145,116,4,37.1825665235519,53.5055350553505,29.7460526227951,42.8044280442804,1.02572590112686,1.4760147601476,71.5443849563599,75.9103641456583,279,5,688,6
1,7.94602707028389,24.0909090909091,34.4827592372894,53.6585365853659,100,65,22,15.8131584525108,51.2820512820513,10.2785527706146,33.3333333333333,3.47889475524426,11.2820512820513,30.8356583118439,63.1067961165049,195,4.5,1155,14
0,43.9024388790131,49.4505494505495,89.2682909965515,70,108,35,19,45.5983459949493,65.8536585365854,14.7772416472435,21.3414634146341,8.02193135023117,11.5853658536585,72.1973836421967,71.304347826087,171,4.5,328,5
1,43.895348906517,71.563981042654,61.3372087478638,61.5160349854227,136,45,1,41.755011677742,71.5789473684211,13.8159975409508,23.6842105263158,0.30702215153724,0.526315789473684,58.33420753479,71.969696969697,190,5,680,8
0,39.9213373661041,61.0526315789474,68.0432617664337,61.8604651162791,425,103,23,40.8608078956604,74.0418118466899,9.90273654460907,17.9442508710801,2.21129078418016,4.00696864111498,60.1855635643005,66.7441860465116,626,5,2136,11
0,50.4896640777588,74.8387096774194,72.0348179340363,58.7677725118483,322,9,9,33.1984847784042,90.4494382022472,0.927907973527908,2.52808988764045,0.927907973527908,2.52808988764045,41.2403523921967,50.6401137980085,400,4.90909099578857,2136,13
1,43.75,59.1549295774648,73.9583313465118,65.4377880184332,82,6,4,35.5054885149002,83.6734693877551,2.59796250611544,6.12244897959184,1.73197500407696,4.08163265306122,45.4643428325653,51.5789473684211,105,5,473,3
1,40.97560942173,70.7865168539326,59.186989068985,55.4517133956386,279,14,0,41.603347659111,93.9393939393939,2.0876232534647,4.71380471380471,0,0,49.2082625627518,52.6595744680851,330,4.66666650772095,1264,3
1,45.7516342401505,69.3069306930693,71.8954265117645,54.5945945945946,88,19,4,43.963360786438,76.5217391304348,9.49208959937096,16.5217391304348,1.99833456426859,3.47826086956522,63.4471237659454,66.0919540229885,127,5,315,8
1,58.8495552539825,74.0947075208914,82.3008835315704,63.4275618374558,301,60,2,57.3964059352875,81.5718157181572,11.4411436021328,16.260162601626,0.381371472030878,0.5420054200542,72.0792055130005,75.7700205338809,378,4.33333349227905,846,3
1,24.0384608507156,38.1679389312977,62.9807710647583,54.5833333333333,87,25,20,37.0697140693665,64.4444444444444,10.6522165238857,18.5185185185185,8.52177366614342,14.8148148148148,60.9306812286377,69.5876288659794,143,4.33333349227905,371,3
0,43.4497803449631,69.3379790940767,65.720522403717,52.3722627737226,208,5,82,40.0756299495697,70.03367003367,0.963356532156467,1.68350168350168,15.7990470528603,27.6094276094276,59.342759847641,68.2758620689655,308,4.5,921,5
1,24.5847180485725,43.0232558139535,58.8039875030518,57.9124579124579,124,29,16,38.0906969308853,72.0930232558139,8.90830829739571,16.8604651162791,4.9149289727211,9.30232558139535,55.2929520606995,64.4194756554307,180,4.80000019073486,524,7
0,75.2173900604248,50.1449275362319,161.304342746735,57.3089700996678,120,43,95,43.3744311332703,43.956043956044,15.5425041913986,15.7509157509158,34.3380928039551,34.7985347985348,98.6768305301666,61.9047619047619,273,5,578,13
1,39.9628251791,62.8654970760234,65.9851312637329,63.5687732342007,153,75,64,30.7845026254654,50,15.0904417037964,24.5098039215686,12.8771767020226,20.9150326797386,65.1907086372375,73.9130434782609,324,5,1064,4
0,34.851935505867,46.5045592705167,77.4487495422363,65.1485148514851,156,81,20,30.8112412691116,52.3489932885906,15.9981444478035,27.1812080536913,3.95015925168991,6.71140939597315,63.597559928894,65.6387665198238,322,4,943,3
1,49.7991979122162,73.3727810650888,69.0763056278229,64.7509578544061,175,13,1,59.1938078403473,90.6735751295337,4.39725406467915,6.73575129533679,0.338250328786671,0.518134715025907,69.6795642375946,76.2845849802372,206,4.59999990463257,489,4
0,44.26229596138,70.3125,64.5901620388031,52.1739130434783,184,27,5,51.3747751712799,83.6363636363636,7.53868967294693,12.2727272727273,1.39605356380343,2.27272727272727,66.4521515369415,68.75,238,4,579,2
1,40.0000005960464,69.1891891891892,58.7499976158142,54.2521994134897,175,29,5,48.4374970197678,79.9086757990868,8.02678540349007,13.2420091324201,1.38392848894,2.28310502283105,64.7678554058075,77.112676056338,234,5,630,2
1,38.3966237306595,44.1747572815534,92.8270041942596,59.1954022988506,130,31,2,47.8729724884033,62.200956937799,11.4158630371094,14.8325358851675,0.736507261171937,0.956937799043062,76.9650101661682,75.7246376811594,209,4.80000019073486,495,5
1,25.0544667243958,59.2783505154639,42.9193913936615,53.1506849315069,171,17,1,34.7310066223145,87.6923076923077,3.45279015600681,8.71794871794872,0.203105295076966,0.512820512820513,40.6210601329803,65.2173913043478,200,4.75,911,6
1,38.3458644151688,62.1951219512195,61.654132604599,62.1212121212121,66,11,2,49.1428136825562,78.5714285714286,8.19046869874001,13.0952380952381,1.48917613551021,2.38095238095238,64.7791624069214,73.0434782608696,87,4.66666650772095,230,2
1,33.8709682226181,50,70.1612889766693,55.2631578947368,71,21,1,38.3677005767822,71,11.3481931388378,21,0.540390145033598,1,55.1197946071625,74.0740740740741,102,4.875,397,11
1,59.6000015735626,79.6791443850267,75.5999982357025,66.7857142857143,164,14,2,66.5623068809509,90.1098901098901,5.68214803934097,7.69230769230769,0.811735447496176,1.0989010989011,73.867928981781,80.8888888888889,182,4,474,5
0,26.3691693544388,37.6266280752533,71.7038512229919,61.5316117542297,399,20,109,46.1307138204575,68.2051282051282,2.31231655925512,3.41880341880342,12.602125108242,18.6324786324786,72.953587770462,65.1447661469933,631,4.83333349227905,1629,9
1,20.6852793693542,32.6,66.2436544895172,66.9344042838019,271,17,109,36.1841559410095,61.7312072892939,2.26985495537519,3.87243735763098,14.5537748932838,24.8291571753986,62.3542487621307,71.3821138211382,467,4.59999990463257,1304,5
0,33.2563519477844,58.3783783783784,58.7374925613403,52.6315789473684,478,50,64,38.249146938324,68.4813753581662,4.00095693767071,7.16332378223496,5.12122474610806,9.16905444126074,58.0138742923737,59.1525423728814,725,5,2584,4
1,26.8041223287582,74.2857142857143,38.0836874246597,55.8161350844278,388,41,57,21.4846238493919,72.1189591078067,2.27028243243694,7.62081784386617,3.15624624490738,10.5947955390335,30.6764990091324,61.768082663605,554,3.66666674613953,2966,3
1,47.6129025220871,74.0963855421687,65.0322556495667,60.4368932038835,322,11,24,45.102670788765,73.015873015873,1.5407744795084,2.49433106575964,3.36168967187405,5.4421768707483,73.817104101181,67.0212765957447,527,5,1376,14
1,36.9640797376633,63.9278557114228,58.864426612854,54.8954895489549,415,58,179,42.7102327346802,61.2094395280236,5.96914105117321,8.55457227138643,18.4220045804977,26.401179941003,73.4821856021881,91.745602165088,714,5,1832,14
1,23.159784078598,34.0369393139842,70.7360863685608,62.6446280991736,220,15,57,36.1872047185898,71.1974110032362,2.4673093110323,4.85436893203883,9.37577560544014,18.4466019417476,59.5443964004517,59.4230769230769,362,5,1117,13
0,46.3099628686905,65.3645833333333,72.8782296180725,69.1891891891892,130,2,63,24.1945892572403,45.7746478873239,0.372224440798163,0.704225352112676,11.7250703275204,22.1830985915493,58.0670118331909,65.4377880184332,312,5,1209,13
1,33.7171047925949,55.7065217391304,62.0065808296204,61.028192371476,169,7,129,26.2167423963547,51.2121212121212,1.08590051531792,2.12121212121212,20.0115948915482,39.0909090909091,55.5360555648804,72.0524017467249,358,5,1164,9
1,33.4224611520767,50.4032258064516,73.7967908382416,61.6915422885572,192,56,112,23.647803068161,41.4686825053996,6.89727589488029,12.0950323974082,13.7945517897606,24.1900647948164,63.307136297226,66.6187050359712,514,4.75,1413,5
0,20.9374994039536,28.3898305084746,76.5625,64.8351648351648,185,48,37,56.9600701332092,66.0714285714286,14.7788301110268,17.1428571428571,11.3920144736767,13.2142857142857,87.7493023872375,80.2292263610315,285,5,556,11
1,28.9419084787369,42.6605504587156,69.7095453739166,65.2694610778443,245,36,101,23.9846542477608,50,3.52427586913109,7.34693877551021,9.88755151629448,20.6122448979592,49.9272406101227,61.4035087719298,510,5,2208,4
1,37.398374080658,62.9059829059829,64.4308924674988,53.4246575342466,311,82,107,32.261848449707,49.4435612082671,8.50633904337883,13.0365659777424,11.0997349023819,17.0111287758347,69.3992793560028,67.6344086021505,669,4.5,1560,14
1,30.0180822610855,49.2581602373887,65.0994598865509,60.0713012477718,149,120,8,26.7474472522736,51.3793103448276,21.5415686368942,41.3793103448276,1.43610462546349,2.75862068965517,58.3417475223541,57.1992110453649,325,5,1226,10
1,24.4252875447273,39.3518518518519,63.505744934082,58.2210242587601,126,43,51,32.550385594368,50.6024096385542,11.1084647476673,17.2690763052209,13.175156712532,20.4819277108434,64.3257617950439,72.1739130434783,249,4.85714292526245,692,7
1,35.7531756162643,55.9659090909091,67.5136089324951,57.1428571428571,186,72,33,31.9006651639938,55.8558558558559,12.3486451804638,21.6216216216216,5.65979555249214,9.90990990990991,62.4292612075806,69.0871369294606,364,5,1138,7
0,32.4459224939346,57.5221238938053,58.4026634693146,51.0542168674699,228,18,38,35.3758871555328,58.6118251928021,2.79283318668604,4.62724935732648,5.89598082005978,9.76863753213368,60.3562235832214,65.2684563758389,389,5,1022,10
1,35.0310564041138,66.3529411764706,56.8944096565247,50.4151838671412,294,16,9,37.1247529983521,83.28611898017,2.02039480209351,4.53257790368272,1.1364720761776,2.54957507082153,48.3631998300552,47.5100942126514,383,5,1522,7
0,32.7319592237473,51.6260162601626,67.0103073120117,59.4202898550725,122,73,25,29.610612988472,51.4767932489451,17.7178248763084,30.8016877637131,6.06774836778641,10.5485232067511,60.6774806976318,63.3689839572192,250,5,665,5
1,17.1238571405411,59.3659942363112,32.5852036476135,59.3162393162393,170,39,49,13.7153059244156,57.2390572390572,3.14645245671272,13.1313131313131,3.95323522388935,16.4983164983165,25.1716196537018,55.410447761194,312,4.90000009536743,2253,10
1,19.4078952074051,56.1904761904762,38.1578952074051,35.7142857142857,150,6,0,54.6333193778992,95.5414012738854,2.18533277511597,3.82165605095541,0,0,59.3682050704956,59.469696969697,163,5,552,4
1,41.8125629425049,59.0975254730713,73.4294533729553,51.4992503748126,480,45,60,57.025682926178,76.4331210191083,5.34615777432919,7.1656050955414,7.12821036577225,9.55414012738854,79.1231334209442,57.9335793357934,666,4.33333349227905,1606,12
0,20.8568200469017,43.1235431235431,50.0563681125641,52.2533495736906,127,21,146,13.791698217392,38.6018237082067,2.28051710873842,6.38297872340426,15.8550232648849,44.3768996960486,37.9000216722488,56.6265060240964,349,5,1834,3
1,27.3666083812714,49.6875,55.9380352497101,49.2307692307692,176,24,118,26.8166482448578,50.8670520231214,3.65681536495686,6.9364161849711,17.9793432354927,34.1040462427746,56.8330049514771,59.7582037996546,373,4.57142877578735,1170,9
1,31.7507416009903,56.020942408377,57.2700321674347,48.3544303797468,112,3,72,29.6608567237854,58.6387434554974,0.794487167149782,1.57068062827225,19.0676927566528,37.696335078534,50.5823493003845,51.6216216216216,191,4.85714292526245,654,9
0,39.84375,67.5496688741722,63.4114563465118,58.7548638132296,397,42,41,52.1483302116394,79.2415169660679,5.51695190370083,8.38323353293413,5.38559593260288,8.18363273453094,71.1949527263641,75,542,4.25,1461,4
1,45.4068243503571,91.5343915343915,53.4120738506317,44.0559440559441,382,7,11,39.7698849439621,91.1694510739857,0.728767551481724,1.67064439140811,1.1452061124146,2.62529832935561,49.6603012084961,54.9868766404199,477,5,1856,7
1,19.9101790785789,79.1666666666667,26.6467064619064,26.046511627907,269,3,8,45.3483283519745,94.7183098591549,0.505743455141783,1.05633802816901,1.34864915162325,2.8169014084507,47.8770464658737,54.4061302681992,284,5,1241,7
1,18.3733180165291,59.8095238095238,32.1240484714508,53.1914893617021,399,12,67,24.0051686763763,81.5950920245399,0.721959955990314,2.45398773006135,4.03094291687012,13.7014314928425,31.8264007568359,58.9156626506024,529,4.5,2963,14
1,52.8781771659851,67.4061433447099,86.3453805446625,54.3095458758109,248,7,37,36.4729255437851,79.7427652733119,1.0294777341187,2.2508038585209,5.44152520596981,11.8971061093248,59.5626413822174,36.4595545134818,405,5,1450,11
1,41.5770620107651,53.6209553158706,83.2735955715179,61.4583333333333,508,11,56,63.3384644985199,86.2478777589134,1.37150222435594,1.86757215619694,6.98219314217567,9.50764006791171,100,68.4883720930233,899,4.77777767181396,1575,12
0,62.5244617462158,93.1486880466472,69.5694744586945,65.7088122605364,544,7,9,54.2299568653107,93.1506849315068,0.697811972349882,1.1986301369863,0.897186808288097,1.54109589041096,61.1083924770355,69.3586698337292,613,5,2147,3
1,42.7912354469299,64.6341463414634,70.0115323066711,60.9989373007439,580,5,7,70.169061422348,97.1524288107203,0.604905700311065,0.837520938023451,0.846868008375168,1.17252931323283,72.467702627182,81.5573770491803,599,5,1698,6
0,47.0198661088943,76.017130620985,62.7814590930939,57.8686493184634,237,14,64,32.1403324604034,60.9254498714653,1.89858488738537,3.59897172236504,8.6792454123497,16.452442159383,60.4834914207458,58.8502269288956,446,5,1315,4
1,26.3951748609543,43.1034482758621,63.8009071350098,60.8695652173913,180,8,126,29.9032896757126,53.8922155688623,1.32903512567282,2.39520958083832,20.9323033690453,37.7245508982036,61.6340041160583,69.5833333333333,371,4.5,1094,2
0,48.9201873540878,77.8774289985052,64.4131481647491,60.7629427792915,386,27,72,37.3822897672653,72.9678638941399,2.61482335627079,5.10396975425331,6.97286203503609,13.6105860113422,52.5870025157928,63.4292565947242,543,4.33333349227905,1969,8
1,47.9723900556564,75.0337381916329,66.4365828037262,62.1644295302013,667,3,11,60.8512699604034,88.110964332893,0.273693865165114,0.396301188903567,1.00354412570596,1.45310435931308,71.7077910900116,81.0492505353319,786,5,2173,4
1,20.4287514090538,48.3582089552239,44.6406066417694,39.833531510107,115,44,46,14.8809209465981,33.4302325581395,5.69356977939606,12.7906976744186,5.95236867666245,13.3720930232558,48.1365442276001,52.2003034901366,372,5,1611,8
1,16.708542406559,30.787037037037,57.1608066558838,49.7695852534562,72,7,11,9.86702740192413,18.0904522613065,0.959294382482767,1.75879396984925,1.50746256113052,2.76381909547739,57.831746339798,58.8757396449704,422,5,1544,6
0,18.3291777968407,68.8524590163934,29.4887781143188,60.8262108262108,312,16,31,17.8315982222557,75.7281553398058,0.914440955966711,3.88349514563107,1.77172925323248,7.52427184466019,25.0328212976456,71.280276816609,438,5,3229,2
0,22.9326516389847,37.887323943662,62.5745952129364,62.9432624113475,331,77,63,36.0595464706421,66.3326653306613,8.38847458362579,15.4308617234469,6.86329752206802,12.625250501002,58.8282644748688,57.6878612716763,540,5,1809,2
0,45.1923072338104,72.4935732647815,65.3846144676208,60.7338017174083,587,93,34,45.3215956687927,77.7483443708609,7.18042328953743,12.317880794702,2.62510105967522,4.50331125827815,64.7782266139984,67.5313059033989,839,4.66666650772095,2749,3
1,142.222225666046,80.5755395683453,183.492064476013,53.7717601547389,396,7,11,147.387754917145,83.5443037974684,2.60533913969994,1.47679324894515,4.09410409629345,2.32067510548523,176.418673992157,57.4545454545455,474,4.5,539,2
1,29.4308930635452,67.5373134328358,50.89430809021,40.1799100449775,171,5,7,29.3238043785095,77.027027027027,0.857421196997166,2.25225225225225,1.20038967579603,3.15315315315315,53.1601130962372,35.6913183279743,310,5,1116,6
1,26.6912668943405,66.7692307692308,45.7564562559128,40.8805031446541,361,0,0,47.0090806484222,100,0,0,0,0,47.0090806484222,55.7959814528594,361,5,1515,11
0,27.2294878959656,43.3712121212121,65.3983354568481,61.3953488372093,272,69,96,34.2663377523422,56.9037656903766,8.6925633251667,14.4351464435146,12.0940014719963,20.0836820083682,65.2572154998779,68.5796269727403,518,3.66666674613953,1363,5
0,38.2441967725754,53.5310734463277,78.4056484699249,61.8881118881119,429,60,131,43.8193887472153,64.3178410794603,6.12858608365059,8.99550224887556,13.3807465434074,19.640179910045,73.8494634628296,70.8067940552017,723,4.16666650772095,1657,7
0,28.9890378713608,43.1941923774955,69.7929382324219,66.2259615384615,372,72,43,49.9289155006409,72.7984344422701,9.66366082429886,14.0900195694716,5.77135309576988,8.41487279843444,68.5851514339447,75.0367107195301,511,4.25,1362,4
1,36.3636374473572,55.5808656036446,67.0640826225281,63.8081395348837,183,63,41,28.2042622566223,53.9823008849557,9.70966443419456,18.5840707964602,6.31898790597916,12.094395280236,55.1755547523499,64.4486692015209,358,5,1123,4
0,52.7083337306976,78.5714285714286,68.1249976158142,72.5225225225225,207,21,35,49.0056812763214,75,4.97159101068974,7.60869565217391,8.28598514199257,12.6811594202899,70.3125,80,297,4,902,1
0,23.1566816568375,35.1398601398601,69.12442445755,53.1598513011152,434,11,59,46.2143331766129,80.9701492537313,1.17133101448417,2.05223880597015,6.2825933098793,11.0074626865672,60.3767871856689,58.7075575027382,567,5,2099,14
0,22.9654401540756,36.5896980461812,66.1092519760132,66.3133097762073,275,19,125,32.0486932992935,63.5103926096998,2.21427343785763,4.38799076212471,14.5675882697105,28.8683602771363,63.2816016674042,64.1481481481481,543,5,1776,4
1,35.4961842298508,54.3065693430657,67.3664093017578,66.4403491755577,473,146,76,51.3957858085632,66.4325842696629,15.8642381429672,20.5056179775281,8.25809612870216,10.6741573033708,80.9510767459869,75.7446808510638,745,5,1868,6
1,30.8387100696564,50.9594882729211,63.3548378944397,58.8456712672522,355,23,89,50.0719130039215,71.8623481781377,3.24409604072571,4.65587044534413,12.5532403588295,18.0161943319838,69.6775376796722,66.7567567567568,494,5,1407,4
1,63.7499988079071,71.4,91.0714268684387,65.8761528326746,383,13,76,72.7670967578888,73.2313575525813,2.46990155428648,2.48565965583174,14.4394233822823,14.5315487571702,100,75.6874095513748,531,5,1028,4
0,27.6595741510391,39.3238434163701,74.0926146507263,62.7232142857143,291,79,58,42.5933003425598,62.5806451612903,11.5631297230721,16.989247311828,8.48938673734665,12.4731182795699,68.7933027744293,64.3153526970954,470,5,1375,6
0,4.28796224296093,45.6703910614525,9.41515862941742,54.7819433817904,215,29,137,2.81806569546461,54.9872122762148,0.380111183039844,7.41687979539642,1.79569758474827,35.0383631713555,5.30844926834106,33.0515638207946,405,4.54545450210571,13059,14
0,4.05950583517551,54.6689303904924,7.52647519111633,55.5660377358491,372,49,177,4.68760021030903,60.0969305331179,0.617452710866928,7.91599353796446,2.23039053380489,28.59450726979,8.07728990912437,67.4291938997821,641,4.625,13623,14
0,8.82758647203445,33.6842105263158,27.0344823598862,56.8862275449102,95,29,70,12.5621557235718,43.5779816513761,3.83476354181767,13.302752293578,9.25632566213608,32.1100917431193,31.2070399522781,70.096463022508,236,4.83333349227905,1378,14
0,36.7758184671402,51.4084507042254,71.536523103714,56.1264822134387,206,37,42,50.9875357151031,61.8618618618619,9.15795564651489,11.1111111111111,10.3955172002316,12.6126126126126,89.8469686508179,74.496644295302,363,5,790,14
0,18.1434601545334,26.875,69.1983103752136,60.1503759398496,77,24,43,32.0444792509079,47.239263803681,9.98788997530937,14.7239263803681,17.8949683904648,26.3803680981595,78.6546289920807,71.17903930131,189,5,501,10
1,15.0326803326607,38.8367729831145,40.3050094842911,49.3061979648474,325,23,171,24.0025833249092,58.1395348837209,1.69864427298307,4.11449016100179,12.6290515065193,30.5903398926655,45.8633989095688,66.2322274881517,621,4.93333339691162,2714,14
0,35.143768787384,56.9948186528497,64.856231212616,60.3125,226,16,87,43.5566753149033,66.8639053254438,3.0836584046483,4.73372781065089,16.767393052578,25.7396449704142,74.3932604789734,63.1775700934579,386,5,1099,3
1,22.7876111865044,37.8676470588235,61.6150438785553,57.7494692144374,219,14,298,24.0302875638008,39.1071428571429,1.53618277981877,2.5,32.6987475156784,53.2142857142857,66.2753164768219,65.7276995305164,604,5,1761,7
0,43.5351878404617,84.9840255591054,57.6104760169983,51.7355371900826,224,0,1,37.9662245512009,96.969696969697,0,0,0.169492070563138,0.432900432900433,39.152666926384,55.5288461538462,231,5,1315,4
1,36.588379740715,54.7134935304991,69.3448722362518,66.1369193154034,349,45,42,44.9002057313919,71.6632443531827,5.78942485153675,9.24024640657084,5.40346316993237,8.62422997946612,64.8415565490723,75.2704791344668,504,4.875,1408,9
0,60.447758436203,60.4477611940298,100,71.6577540106952,226,122,18,50.2739012241364,59.7883597883598,27.1390080451965,32.2751322751323,4.0041159838438,4.76190476190476,87.4231934547424,74.4094488188976,393,4.692307472229,877,14
1,21.7391297221184,42.8571428571429,52.8985500335693,59.3220338983051,39,15,16,29.7515511512756,52.7027027027027,11.4429041743279,20.2702702702703,12.2057646512985,21.6216216216216,61.0288202762604,67.2727272727273,80,3.66666674613953,246,3
1,124.025976657867,34.4765342960289,371.428561210632,46.8697123519459,143,18,134,119.185173511505,45.6869009584665,15.002329647541,5.75079872204473,111.684012413025,42.8115015974441,273.375773429871,34.2825848849945,328,5,229,5
1,23.1656178832054,40.3284671532847,59.6436083316803,58.1124072110286,236,31,115,27.7270078659058,50.6437768240343,3.64210680127144,6.65236051502146,13.5110422968864,24.6781115879828,57.6862752437592,60.3626943005181,491,4.25,1650,4
0,45.9541976451874,60.9311740890688,76.6412198543549,70.5714285714286,232,17,16,37.6292616128922,70.9480122324159,2.75731664150953,5.19877675840979,2.59512159973383,4.89296636085627,53.0377984046936,55.2364864864865,327,4.85714292526245,1301,9
1,98.9743590354919,37.5486381322957,275.128197669983,64.0099626400996,248,15,54,70.1082229614258,76.3076923076923,4.24041673541069,4.61538461538462,15.2655005455017,16.6153846153846,100,27.5657336726039,371,4.5,733,9
1,125.308644771576,66.0162601626016,194.444441795349,72.6092089728453,277,6,77,95.8699345588684,71.2082262210797,2.07660514861345,1.54241645244216,26.6497641801834,19.7943444730077,100,58.3208395802099,409,5,574,13
0,38.413879275322,50.6535947712418,76.8277585506439,56.9302325581395,477,62,118,54.845803976059,70.353982300885,7.12880492210388,9.14454277286136,13.5677248239517,17.4041297935103,79.3366968631744,76.3513513513514,690,4.7142858505249,1424,7
1,31.9755613803864,50,66.3951098918915,47.0059880239521,212,48,95,39.152267575264,57.4525745257453,8.86466428637505,13.0081300813008,17.5446480512619,25.7452574525745,72.2100734710693,63.840830449827,391,4.33333349227905,936,3
1,42.0131295919418,40.4210526315789,100,53.1319910514541,367,16,113,88.8659596443176,71.4007782101167,3.87426540255547,3.11284046692607,27.361997961998,21.9844357976654,100,68.4420772303595,534,4.875,771,14
1,35.8664780855179,45.3321364452424,79.9715936183929,76.8275862068965,709,45,59,55.4870963096619,80.6598407281001,3.52174825966358,5.11945392491468,4.61740307509899,6.71217292377702,72.2349643707275,81.3888888888889,923,4.66666650772095,2248,11
0,27.8670966625214,50,64.0943169593811,59.9078341013825,313,10,75,36.6546213626862,64.40329218107,1.17107415571809,2.05761316872428,8.78305584192276,15.4320987654321,65.6972587108612,64.2007926023778,561,5,1717,6
1,34.042552113533,42.8571428571429,82.9787254333496,66.2721893491124,129,24,16,51.1785864830017,71.6666666666667,9.52159687876701,13.3333333333333,6.34773150086403,8.88888888888889,71.4119791984558,64.0569395017794,180,4.5,556,2
1,17.5097271800041,34.0264650283554,56.6147863864899,48.047229791099,391,16,93,40.8261865377426,74.3346007604563,1.67063679546118,3.04182509505703,9.71057638525963,17.680608365019,65.6769096851349,56.8648648648649,629,4.80000019073486,2009,11
1,22.0605581998825,53.0245746691871,42.0762866735458,69.7429136453527,689,43,96,28.9900720119476,80.3967327887981,1.80924981832504,5.01750291715286,4.03925515711308,11.2018669778296,37.1106564998627,70.5349794238683,882,4.19999980926514,4371,4
0,26.8104761838913,62.8158844765343,46.2249606847763,35.2866242038217,236,1,112,38.5899841785431,64.6575342465753,0.163516879547387,0.273972602739726,18.3138906955719,30.6849315068493,72.6014971733093,56.5891472868217,444,5,1259,6
0,27.3575127124786,60.6896551724138,49.740931391716,41.4285714285714,433,2,22,46.4534282684326,93.7229437229437,0.214565498754382,0.432900432900433,2.36022043973207,4.76190476190476,53.5340905189514,49.2012779552716,499,5,2004,14
1,20.6567794084549,38.160469667319,56.567794084549,57.6749435665914,340,12,51,41.9581085443497,75.2212389380531,1.48087441921234,2.65486725663717,6.29371628165245,11.283185840708,62.1967256069183,59.0849673202614,504,5,1559,5
1,43.8741713762283,62.0608899297424,72.0198690891266,57.2386058981233,283,24,26,42.8135395050049,82.2674418604651,3.63083034753799,6.97674418604651,3.93339954316616,7.55813953488372,55.3701639175415,51.8072289156626,366,3.75,1230,4
1,40.2421653270721,64.4977168949772,65.0284886360168,58.8314304902619,379,52,73,29.7827810049057,71.6446124763705,4.08629179000854,9.82986767485822,5.73652498424053,13.7996219281664,49.4284152984619,48.3989021043001,629,5,2557,9
1,22.3950237035751,46.9055374592834,51.1664092540741,42.7576601671309,186,35,51,27.7202129364014,61.5894039735099,5.21616898477077,11.5894039735099,7.60070309042931,16.887417218543,52.1616876125336,50.1661129568106,350,5,1293,7
0,15.5000001192093,22.5728155339806,78.6666691303253,58.2743988684583,165,127,23,29.0672779083252,47.1428571428571,22.3729953169823,36.2857142857143,4.05180230736732,6.57142857142857,61.8340313434601,57.8512396694215,351,5,1158,4
0,45.9317594766617,67.1785028790787,69.8162734508514,65.125,414,56,15,54.590916633606,83.6363636363636,7.38427862524986,11.3131313131313,1.97793170809746,3.03030303030303,69.2276120185852,69.4249649368864,525,5,1527,3
1,37.6365453004837,53.3052039381153,73.4856009483337,62.3137598597721,763,60,13,80.4349780082703,89.8704358068316,6.32516220211983,7.06713780918728,1.37045178562403,1.53121319199058,89.9227201938629,86.105476673428,853,5,2223,6
